imagenes,Tamaño_KB,Edad,Sexo,R,G,B,Calidad,Pixeles,RGB
001A02.JPG,9.55,2,,102.93684728745984,102.93684728745984,102.93684728745984,14.565979693719006,123906,"(102.93684728745984, 102.93684728745984, 102.93684728745984)"
001A05.JPG,12.55,5,,133.46640236073256,133.46640236073256,133.46640236073256,10.937652131711163,177572,"(133.46640236073256, 133.46640236073256, 133.46640236073256)"
001A08.JPG,12.54,8,,138.78666468886746,138.78666468886746,138.78666468886746,14.906850558866259,202245,"(138.78666468886746, 138.78666468886746, 138.78666468886746)"
001A10.JPG,14.12,10,,111.49170883317224,111.49170883317224,111.49170883317224,25.312659914727213,158301,"(111.49170883317224, 111.49170883317224, 111.49170883317224)"
001A14.JPG,10.57,14,,114.3765671746721,64.71397548763055,63.699782060195126,14.457277149476669,128017,"(114.3765671746721, 64.71397548763055, 63.699782060195126)"
001A16.JPG,58.06,16,,126.29643549263342,126.29643549263342,126.29643549263342,106.8204660489277,493308,"(126.29643549263342, 126.29643549263342, 126.29643549263342)"
001A18.JPG,16.39,18,,150.18048877097957,76.96419425560529,61.682091600803254,12.698099246479371,217116,"(150.18048877097957, 76.96419425560529, 61.682091600803254)"
001A19.JPG,18.52,19,,156.59178216974675,76.82731220054757,58.07300757186858,53.2710383147332,187008,"(156.59178216974675, 76.82731220054757, 58.07300757186858)"
001A22.JPG,34.81,22,,159.24143701982277,128.3076646260037,113.63062121711383,25.655989212067386,230644,"(159.24143701982277, 128.3076646260037, 113.63062121711383)"
001A28.JPG,14.51,28,,94.88759449562959,87.523791243405,87.85251299314908,10.911138888378424,203184,"(94.88759449562959, 87.523791243405, 87.85251299314908)"
001A29.JPG,21.83,29,,112.82453070037963,88.410680702121,79.98984345070177,25.489695659730494,229704,"(112.82453070037963, 88.410680702121, 79.98984345070177)"
001A33.JPG,28.61,33,,114.6949352672801,106.17823331726369,99.0881769337721,34.9837156804589,286254,"(114.6949352672801, 106.17823331726369, 99.0881769337721)"
001A40.JPG,16.37,40,,107.63690506361195,86.06750215418927,78.02563485224796,24.927752055570103,157832,"(107.63690506361195, 86.06750215418927, 78.02563485224796)"
001A43a.JPG,18.11,43,,139.83994667193363,137.34959510171836,141.83529034169464,18.040435424659456,202520,"(139.83994667193363, 137.34959510171836, 141.83529034169464)"
001A43b.JPG,14.82,43,,131.95272357458288,105.38976810459222,96.42867475907677,55.516331610176714,183876,"(131.95272357458288, 105.38976810459222, 96.42867475907677)"
002A03.JPG,46.37,3,,160.79601698857923,109.92285103977508,91.95444199320656,15.52528695583909,199899,"(160.79601698857923, 109.92285103977508, 91.95444199320656)"
002A04.JPG,47.1,4,,137.37129250271386,137.37129250271386,137.37129250271386,26.220294019679386,199899,"(137.37129250271386, 137.37129250271386, 137.37129250271386)"
002A05.JPG,53.45,5,,92.67100937597262,92.67100937597262,92.67100937597262,163.35245736988423,205632,"(92.67100937597262, 92.67100937597262, 92.67100937597262)"
002A07.JPG,59.35,7,,92.90354773750296,92.90354773750296,92.90354773750296,159.1178341510091,202608,"(92.90354773750296, 92.90354773750296, 92.90354773750296)"
002A12.JPG,38.64,12,,108.80597740014186,108.80597740014186,108.80597740014186,10.823284141318643,205842,"(108.80597740014186, 108.80597740014186, 108.80597740014186)"
002A15.JPG,41.03,15,,114.86752679180293,114.86752679180293,114.86752679180293,21.37129234654518,200901,"(114.86752679180293, 114.86752679180293, 114.86752679180293)"
002A16.JPG,47.04,16,,134.07369976128047,70.59842288576684,51.28633135052635,19.591698368661042,204424,"(134.07369976128047, 70.59842288576684, 51.28633135052635)"
002A18.JPG,47.65,18,,121.33544495753922,89.08244628810706,74.59551716041169,21.25614360561148,204424,"(121.33544495753922, 89.08244628810706, 74.59551716041169)"
002A20.JPG,42.7,20,,148.83952960513443,76.08094939928775,55.77772179391852,14.99821247612338,204424,"(148.83952960513443, 76.08094939928775, 55.77772179391852)"
002A21.JPG,42.93,21,,126.50544286680189,84.22953250265623,63.867183425094176,11.453986742371027,207060,"(126.50544286680189, 84.22953250265623, 63.867183425094176)"
002A23.JPG,54.01,23,,107.22841381912792,76.8622257971619,68.66924360234755,35.93398630936211,201402,"(107.22841381912792, 76.8622257971619, 68.66924360234755)"
002A26.JPG,38.71,26,,173.03971213899743,140.47862587480128,128.30743971114842,11.647784773189892,201903,"(173.03971213899743, 140.47862587480128, 128.30743971114842)"
002A29.JPG,47.97,29,,76.59127817511396,63.297840835406035,50.6211832338111,17.73296953479467,206654,"(76.59127817511396, 63.297840835406035, 50.6211832338111)"
002A31.JPG,45.91,31,,70.24458154398275,53.07476461218976,47.9109961894393,22.041482830912788,198396,"(70.24458154398275, 53.07476461218976, 47.9109961894393)"
002A36.JPG,39.6,36,,129.09287190030966,113.7092081501158,109.54102321672444,9.408708129905415,199899,"(129.09287190030966, 113.7092081501158, 109.54102321672444)"
002A38.JPG,45.7,38,,86.71514077669903,75.56667961165049,68.76803398058252,26.466491292047635,206000,"(86.71514077669903, 75.56667961165049, 68.76803398058252)"
003A18.JPG,17.96,18,,97.7706139748445,97.7706139748445,97.7706139748445,15.455577464615882,254815,"(97.7706139748445, 97.7706139748445, 97.7706139748445)"
003A20.JPG,20.65,20,,104.14065338806272,104.14065338806272,104.14065338806272,42.2831771153097,178332,"(104.14065338806272, 104.14065338806272, 104.14065338806272)"
003A23.JPG,12.74,23,,88.59795476272807,88.59795476272807,88.59795476272807,10.897376010402585,196652,"(88.59795476272807, 88.59795476272807, 88.59795476272807)"
003A25.JPG,14.91,25,,99.95201657898932,99.95201657898932,99.95201657898932,19.27428980916226,200736,"(99.95201657898932, 99.95201657898932, 99.95201657898932)"
003A35.JPG,12.23,35,,145.78271756301132,66.22483200905383,55.17788885483224,6.551146514243062,212065,"(145.78271756301132, 66.22483200905383, 55.17788885483224)"
003A38.JPG,15.0,38,,103.15128731801212,103.15128731801212,103.15128731801212,10.01153976302778,232227,"(103.15128731801212, 103.15128731801212, 103.15128731801212)"
003A47.JPG,13.5,47,,100.7814644315122,73.98496265091636,65.21560409971337,10.960442944182205,184208,"(100.7814644315122, 73.98496265091636, 65.21560409971337)"
003A49.JPG,16.86,49,,119.57052079781793,79.78685219911354,60.761613535629046,10.591853286732789,234640,"(119.57052079781793, 79.78685219911354, 60.761613535629046)"
003A51.JPG,15.16,51,,61.395118999596605,49.17536537685791,44.25963219246801,16.814752702822403,193362,"(61.395118999596605, 49.17536537685791, 44.25963219246801)"
003A58.JPG,17.42,58,,84.65423864909725,68.07144012799539,60.43469298482152,25.50421850699346,166881,"(84.65423864909725, 68.07144012799539, 60.43469298482152)"
003A60.JPG,23.74,60,,95.71802374893977,78.08254641409857,71.8208274432193,59.28377367616877,212220,"(95.71802374893977, 78.08254641409857, 71.8208274432193)"
003A61.JPG,20.96,61,,110.7335606060606,98.18888146167558,85.4720320855615,19.738982471509598,224400,"(110.7335606060606, 98.18888146167558, 85.4720320855615)"
004A19.JPG,28.88,19,,137.40204027176256,137.40204027176256,137.40204027176256,254.5560347020276,194876,"(137.40204027176256, 137.40204027176256, 137.40204027176256)"
004A21.JPG,19.66,21,,144.60649225934117,144.60649225934117,144.60649225934117,52.725613193789336,206184,"(144.60649225934117, 144.60649225934117, 144.60649225934117)"
004A26.JPG,17.01,26,,123.66217739166778,123.66217739166778,123.66217739166778,11.617160441970078,267972,"(123.66217739166778, 123.66217739166778, 123.66217739166778)"
004A28.JPG,15.36,28,,93.79467992811551,93.79467992811551,93.79467992811551,23.934578420857303,193644,"(93.79467992811551, 93.79467992811551, 93.79467992811551)"
004A30.JPG,43.78,30,,98.51887143997871,62.37145899083615,44.7536826495304,131.84285320947146,262990,"(98.51887143997871, 62.37145899083615, 44.7536826495304)"
004A37.JPG,14.14,37,,153.13147792706334,66.29796703586962,52.94591822359964,7.166597535065971,227156,"(153.13147792706334, 66.29796703586962, 52.94591822359964)"
004A40.JPG,54.86,40,,107.05514775510204,98.37325387755102,84.87129795918366,193.42160548595837,306250,"(107.05514775510204, 98.37325387755102, 84.87129795918366)"
004A48.JPG,62.68,48,,132.26414910784797,125.72923271491193,118.25150218030741,92.26540072201847,349492,"(132.26414910784797, 125.72923271491193, 118.25150218030741)"
004A51.JPG,18.94,51,,100.6041522894939,76.6648863271872,69.28378352108706,23.59153763301076,205766,"(100.6041522894939, 76.6648863271872, 69.28378352108706)"
004A53.JPG,15.89,53,,76.70122406329304,69.61985715433991,59.64875928669033,25.78429367510015,174174,"(76.70122406329304, 69.61985715433991, 59.64875928669033)"
004A62.JPG,27.04,62,,114.15915903509377,88.27923982648214,77.15220913952581,68.58002504211021,217845,"(114.15915903509377, 88.27923982648214, 77.15220913952581)"
004A63.JPG,18.56,63,,132.02416236353776,120.20836575416754,106.70596071773832,38.46587986028006,169644,"(132.02416236353776, 120.20836575416754, 106.70596071773832)"
005A18.JPG,57.2,18,,118.72907849172758,118.72907849172758,118.72907849172758,198.65217391121578,187128,"(118.72907849172758, 118.72907849172758, 118.72907849172758)"
005A24.JPG,19.97,24,,60.442242938505345,60.442242938505345,60.442242938505345,79.9503673574915,207888,"(60.442242938505345, 60.442242938505345, 60.442242938505345)"
005A30.JPG,17.81,30,,117.1410366714028,117.1410366714028,117.1410366714028,26.930242041165645,203401,"(117.1410366714028, 117.1410366714028, 117.1410366714028)"
005A31.JPG,39.4,31,,106.97608058051625,106.97608058051625,106.97608058051625,29.24361998511524,171158,"(106.97608058051625, 106.97608058051625, 106.97608058051625)"
005A35.JPG,44.27,35,,118.40858208955224,99.68936795241397,95.15598200926905,14.155042604396666,219224,"(118.40858208955224, 99.68936795241397, 95.15598200926905)"
005A40.JPG,42.47,40,,106.43727188459533,87.5566981441786,82.99334723751038,13.016387293523927,207132,"(106.43727188459533, 87.5566981441786, 82.99334723751038)"
005A45.JPG,17.95,45,,105.54184914841849,70.33590477553552,59.02143981680263,22.556366093288435,209610,"(105.54184914841849, 70.33590477553552, 59.02143981680263)"
005A48.JPG,15.06,48,,69.27325932874713,52.63804461121534,48.73550656660413,22.498969250011903,191880,"(69.27325932874713, 52.63804461121534, 48.73550656660413)"
005A49.JPG,16.14,49,,75.75699093533194,50.76027244644756,43.64840735301565,20.96232452475845,197470,"(75.75699093533194, 50.76027244644756, 43.64840735301565)"
005A52.JPG,14.17,52,,68.47346814157214,47.649963597078376,34.974630686488645,8.823816698330566,212895,"(68.47346814157214, 47.649963597078376, 34.974630686488645)"
005A61.JPG,18.64,61,,97.57429135585784,76.04973233874506,63.919885914874946,12.73155256949529,227900,"(97.57429135585784, 76.04973233874506, 63.919885914874946)"
006A24.JPG,57.4,24,,124.70359615681524,124.70359615681524,124.70359615681524,346.17727176009765,168402,"(124.70359615681524, 124.70359615681524, 124.70359615681524)"
006A28.JPG,54.03,28,,116.4192962933524,116.4192962933524,116.4192962933524,45.9750037045271,226458,"(116.4192962933524, 116.4192962933524, 116.4192962933524)"
006A31.JPG,45.82,31,,117.10505165289257,117.10505165289257,117.10505165289257,38.69114429403623,193600,"(117.10505165289257, 117.10505165289257, 117.10505165289257)"
006A36.JPG,18.64,36,,127.6205261071469,127.6205261071469,127.6205261071469,25.28325509701119,211896,"(127.6205261071469, 127.6205261071469, 127.6205261071469)"
006A40.JPG,8.91,40,,104.56543564865386,67.04503469768039,63.42298239413995,10.57861919699644,124504,"(104.56543564865386, 67.04503469768039, 63.42298239413995)"
006A42.JPG,50.06,42,,125.34439197534992,90.44363436918918,81.80184964705987,16.749770589932176,224259,"(125.34439197534992, 90.44363436918918, 81.80184964705987)"
006A46.JPG,51.6,46,,146.05523635542198,146.05523635542198,146.05523635542198,47.10636722492395,203634,"(146.05523635542198, 146.05523635542198, 146.05523635542198)"
006A51.JPG,19.78,51,,114.13636044911519,77.82793559527045,68.66748034463718,17.990026878359895,228182,"(114.13636044911519, 77.82793559527045, 68.66748034463718)"
006A55.JPG,17.04,55,,84.50661414079538,65.69962559474459,61.77819789086799,27.443876451920588,189367,"(84.50661414079538, 65.69962559474459, 61.77819789086799)"
006A61.JPG,45.99,61,,124.635787870285,103.44924239387501,94.03649236381128,17.15119226997281,199576,"(124.635787870285, 103.44924239387501, 94.03649236381128)"
006A67.JPG,20.65,67,,101.38170746157492,75.1940847383032,57.84208900399485,14.944112054647823,236304,"(101.38170746157492, 75.1940847383032, 57.84208900399485)"
006A69.JPG,39.01,69,,113.54569088319087,82.46165954415955,66.4470299145299,119.1866760747286,140400,"(113.54569088319087, 82.46165954415955, 66.4470299145299)"
007A01.JPG,18.71,1,,138.60430072740323,138.60430072740323,138.60430072740323,26.309085025873557,197827,"(138.60430072740323, 138.60430072740323, 138.60430072740323)"
007A18.JPG,15.06,18,,87.22498806989208,87.22498806989208,87.22498806989208,26.010800555286924,217936,"(87.22498806989208, 87.22498806989208, 87.22498806989208)"
007A22.JPG,15.6,22,,128.23264060836848,128.23264060836848,128.23264060836848,48.4290413675756,175683,"(128.23264060836848, 128.23264060836848, 128.23264060836848)"
007A23.JPG,20.54,23,,118.58811330927793,67.15859980921572,47.97261738533358,31.970760976247426,216999,"(118.58811330927793, 67.15859980921572, 47.97261738533358)"
007A26.JPG,16.6,26,,90.68470585015146,54.09368271230977,47.84173935257837,12.327390447803209,219208,"(90.68470585015146, 54.09368271230977, 47.84173935257837)"
007A37.JPG,17.06,37,,105.1696678905207,77.67737399866489,53.96858728304406,10.103824543341078,239680,"(105.1696678905207, 77.67737399866489, 53.96858728304406)"
007A38.JPG,22.49,38,,105.56900790166813,93.66121597892888,95.78323529411765,28.730825970159543,227800,"(105.56900790166813, 93.66121597892888, 95.78323529411765)"
007A39.JPG,16.68,39,,94.84545477168096,82.34005723528679,82.68940151797933,14.768274766752333,200925,"(94.84545477168096, 82.34005723528679, 82.68940151797933)"
007A45.JPG,33.36,45,,69.7926588286248,59.86108078356357,66.98030263383473,83.120276286528,110827,"(69.7926588286248, 59.86108078356357, 66.98030263383473)"
008A03.JPG,13.55,3,,88.7241347764002,88.7241347764002,88.7241347764002,7.5927146114587325,251409,"(88.7241347764002, 88.7241347764002, 88.7241347764002)"
008A06.JPG,14.56,6,,120.73365071156604,120.73365071156604,120.73365071156604,23.057265850945164,197241,"(120.73365071156604, 120.73365071156604, 120.73365071156604)"
008A08.JPG,13.76,8,,119.62546825848494,119.62546825848494,119.62546825848494,28.989292861867376,159901,"(119.62546825848494, 119.62546825848494, 119.62546825848494)"
008A12.JPG,12.76,12,,127.01324657593621,91.81821038488211,105.7118747832871,14.284009722415668,184576,"(127.01324657593621, 91.81821038488211, 105.7118747832871)"
008A13.JPG,20.23,13,,140.21821937616195,79.83365523652138,68.37960648626317,41.20818425650801,193640,"(140.21821937616195, 79.83365523652138, 68.37960648626317)"
008A16.JPG,13.82,16,,147.6448015943707,79.61889307027701,66.90246726641132,12.518456593323593,179632,"(147.6448015943707, 79.61889307027701, 66.90246726641132)"
008A17.JPG,25.51,17,,109.29562761043631,76.88167969190071,76.4403349703542,47.15878088211642,239663,"(109.29562761043631, 76.88167969190071, 76.4403349703542)"
008A18.JPG,22.22,18,,110.5095278128065,62.39108256270141,44.53187175984307,37.56063904919471,228384,"(110.5095278128065, 62.39108256270141, 44.53187175984307)"
008A21.JPG,11.72,21,,79.49977694503926,43.990113088865094,37.55376182191292,9.560897712522733,179328,"(79.49977694503926, 43.990113088865094, 37.55376182191292)"
008A29.JPG,16.79,29,,88.25527694948947,64.1624695039306,54.04059817475377,16.962061273923414,221340,"(88.25527694948947, 64.1624695039306, 54.04059817475377)"
008A30.JPG,18.37,30,,69.59138550677106,49.38937400073791,46.68296460277766,30.32076149289279,219537,"(69.59138550677106, 49.38937400073791, 46.68296460277766)"
008A31.JPG,17.44,31,,104.72386754139332,87.48177652816828,79.21861397479954,23.085330736803446,192060,"(104.72386754139332, 87.48177652816828, 79.21861397479954)"
008A33.JPG,19.48,33,,88.12520198187742,74.24610096862027,76.98596170155783,21.461457013425758,224030,"(88.12520198187742, 74.24610096862027, 76.98596170155783)"
008A35.JPG,15.53,35,,74.37476573363159,54.183826048404974,53.03849021623038,13.151896167860041,198492,"(74.37476573363159, 54.183826048404974, 53.03849021623038)"
008A41.JPG,49.98,41,,127.23716678058784,102.20969469127364,84.45740487582593,55.285738839859164,175560,"(127.23716678058784, 102.20969469127364, 84.45740487582593)"
009A00.JPG,20.32,0,,119.46647817195696,84.65481995198719,58.642009424735484,10.828080374124484,281175,"(119.46647817195696, 84.65481995198719, 58.642009424735484)"
009A01.JPG,29.11,1,,134.11514543229555,97.7733503612883,74.71654457000524,33.215798800650134,299899,"(134.11514543229555, 97.7733503612883, 74.71654457000524)"
009A03.JPG,15.03,3,,118.05549254408481,94.37723707303095,84.9639023866092,29.89269130955587,167518,"(118.05549254408481, 94.37723707303095, 84.9639023866092)"
009A05.JPG,20.3,5,,129.90010312532885,109.46298221614227,99.74545301483742,16.50672638496188,237575,"(129.90010312532885, 109.46298221614227, 99.74545301483742)"
009A09.JPG,38.3,9,,96.37779146141214,79.77557471264367,73.30862068965517,14.358682422876491,170520,"(96.37779146141214, 79.77557471264367, 73.30862068965517)"
009A11.JPG,16.88,11,,108.93759288537548,74.30899209486165,61.9052490118577,8.884196274438839,253000,"(108.93759288537548, 74.30899209486165, 61.9052490118577)"
009A13.JPG,97.91,13,,76.72470235130847,60.03374901226452,53.102927017138455,115.01684946778472,301194,"(76.72470235130847, 60.03374901226452, 53.102927017138455)"
009A14.JPG,22.54,14,,123.5567318215758,94.93348471365594,69.4949966075806,11.624856235558193,293301,"(123.5567318215758, 94.93348471365594, 69.4949966075806)"
009A16a.JPG,15.64,16,,98.17014495284666,84.0541335574572,81.24625065490744,15.520466407547966,183232,"(98.17014495284666, 84.0541335574572, 81.24625065490744)"
009A16b.JPG,23.42,16,,139.33283672266984,128.01693229708076,113.38462808614756,20.539117067373336,266473,"(139.33283672266984, 128.01693229708076, 113.38462808614756)"
009A18.JPG,41.19,18,,115.3558498831202,95.97399669986446,92.62342114051113,12.004917894772182,203628,"(115.3558498831202, 95.97399669986446, 92.62342114051113)"
009A22a.JPG,36.96,22,,148.84083828943642,110.92140607433726,79.84327557649563,131.95852926727824,116523,"(148.84083828943642, 110.92140607433726, 79.84327557649563)"
009A22b.JPG,43.01,22,,126.53095584767138,93.67944958267539,68.31480152301266,119.39815597848836,146289,"(126.53095584767138, 93.67944958267539, 68.31480152301266)"
010A01.JPG,38.59,1,,92.99194318453091,73.11642098352829,50.7026587491048,10.243320200335376,201072,"(92.99194318453091, 73.11642098352829, 50.7026587491048)"
010A04.JPG,23.68,4,,132.40658647181658,95.50145889393504,74.73645958526996,16.867975687420593,282063,"(132.40658647181658, 95.50145889393504, 74.73645958526996)"
010A05.JPG,47.31,5,,78.91737399330377,54.957442765360604,49.83873857569451,14.89326425843462,221020,"(78.91737399330377, 54.957442765360604, 49.83873857569451)"
010A06.JPG,52.54,6,,105.80480354076717,89.53752479703935,84.4831380132362,19.566872191992303,239948,"(105.80480354076717, 89.53752479703935, 84.4831380132362)"
010A07a.JPG,20.02,7,,114.49243111266132,89.42046273689107,76.49600046506221,12.240922743885326,258030,"(114.49243111266132, 89.42046273689107, 76.49600046506221)"
010A07b.JPG,82.13,7,,83.9655059577541,65.69852034061503,60.6013758500331,139.98316462521487,265872,"(83.9655059577541, 65.69852034061503, 60.6013758500331)"
010A09.JPG,27.16,9,,110.51828053761977,90.33149150070987,71.80371575778506,27.844776571817313,286671,"(110.51828053761977, 90.33149150070987, 71.80371575778506)"
010A10.JPG,23.97,10,,126.41864144513796,101.10783594415564,80.04379574734426,15.688283031087712,287585,"(126.41864144513796, 101.10783594415564, 80.04379574734426)"
010A12.JPG,20.9,12,,134.9017281764695,112.36857928032609,102.99283277079991,11.766382170918432,271095,"(134.9017281764695, 112.36857928032609, 102.99283277079991)"
010A15.JPG,42.2,15,,61.82580652398259,63.69838919549513,61.947850765019965,19.558744343873816,178296,"(61.82580652398259, 63.69838919549513, 61.947850765019965)"
010A16.JPG,44.2,16,,65.60707643411085,55.73337544302909,51.01306403180285,29.899254835792583,199479,"(65.60707643411085, 55.73337544302909, 51.01306403180285)"
010A18.JPG,45.33,18,,100.1249941157087,78.56652191310079,63.68123617191545,108.31059765511675,169944,"(100.1249941157087, 78.56652191310079, 63.68123617191545)"
011A02.JPG,7.85,2,,79.90566051814709,79.90566051814709,79.90566051814709,7.6120448901107,134016,"(79.90566051814709, 79.90566051814709, 79.90566051814709)"
011A05.JPG,13.88,5,,119.1511377245509,119.1511377245509,119.1511377245509,19.64342659501942,212925,"(119.1511377245509, 119.1511377245509, 119.1511377245509)"
011A07.JPG,15.94,7,,90.3464025198939,90.3464025198939,90.3464025198939,47.7382763735824,168896,"(90.3464025198939, 90.3464025198939, 90.3464025198939)"
011A11.JPG,9.98,11,,124.63892137751786,85.58403183885639,80.20056855100714,11.955064986691589,123120,"(124.63892137751786, 85.58403183885639, 80.20056855100714)"
011A13.JPG,17.01,13,,105.3547995482778,105.3547995482778,105.3547995482778,44.523531225692324,212520,"(105.3547995482778, 105.3547995482778, 105.3547995482778)"
011A14.JPG,18.01,14,,97.48006424792139,78.4645791064964,66.74058161276207,42.73118327682364,201096,"(97.48006424792139, 78.4645791064964, 66.74058161276207)"
011A15.JPG,16.12,15,,144.39614627870898,72.79052366718378,60.752095236293464,13.193041275260812,211432,"(144.39614627870898, 72.79052366718378, 60.752095236293464)"
011A17.JPG,19.94,17,,117.75416734465115,117.75416734465115,117.75416734465115,43.96673030958245,221244,"(117.75416734465115, 117.75416734465115, 117.75416734465115)"
011A20.JPG,16.93,20,,119.12922795258487,95.5273381741451,82.09037216326361,18.63316089044062,193356,"(119.12922795258487, 95.5273381741451, 82.09037216326361)"
011A27.JPG,18.1,27,,73.86661821367768,61.563046962893644,51.937351280851445,19.808507909055024,200882,"(73.86661821367768, 61.563046962893644, 51.937351280851445)"
011A30.JPG,17.42,30,,123.81762454592631,107.67238042726171,106.78581235945339,25.759515716984723,184992,"(123.81762454592631, 107.67238042726171, 106.78581235945339)"
011A34.JPG,13.99,34,,86.23442415983648,71.18828613989032,70.13981683733793,38.83069090556766,149703,"(86.23442415983648, 71.18828613989032, 70.13981683733793)"
011A40.JPG,35.04,40,,140.99643168514135,102.27887968613774,82.1024909702329,62.14792754764204,321160,"(140.99643168514135, 102.27887968613774, 82.1024909702329)"
011A42.JPG,45.01,42,,75.44508760438842,40.805894874733916,33.46196987064025,117.508009848683,122140,"(75.44508760438842, 40.805894874733916, 33.46196987064025)"
012A04.JPG,35.86,4,,81.2539569103,81.2539569103,81.2539569103,112.94164943387266,132932,"(81.2539569103, 81.2539569103, 81.2539569103)"
012A07.JPG,31.42,7,,71.30995058075777,71.30995058075777,71.30995058075777,5.181305190553307,214289,"(71.30995058075777, 71.30995058075777, 71.30995058075777)"
012A12.JPG,25.87,12,,132.40843688964324,59.217071652153145,47.20899468643121,14.19708921592793,117247,"(132.40843688964324, 59.217071652153145, 47.20899468643121)"
012A14.JPG,39.08,14,,88.24700026709951,66.82211686630643,56.40328429660373,16.009725924047604,194684,"(88.24700026709951, 66.82211686630643, 56.40328429660373)"
012A18.JPG,47.31,18,,116.12999207554354,86.16522713085979,77.38759446262003,11.527202495518843,225883,"(116.12999207554354, 86.16522713085979, 77.38759446262003)"
012A21.JPG,55.17,21,,69.46511608302002,39.69517458818769,37.06921987489673,36.042444228392576,237244,"(69.46511608302002, 39.69517458818769, 37.06921987489673)"
012A23.JPG,17.98,23,,85.16448653699142,78.55618257878196,73.1219049944789,22.40912634981991,188368,"(85.16448653699142, 78.55618257878196, 73.1219049944789)"
012A24.JPG,46.68,24,,92.33277674706245,71.36832611832611,64.34065656565656,26.363537499079456,194040,"(92.33277674706245, 71.36832611832611, 64.34065656565656)"
012A25.JPG,47.34,25,,70.55884508616504,51.257047576293395,44.92516330587901,16.718362334715803,218302,"(70.55884508616504, 51.257047576293395, 44.92516330587901)"
012A26.JPG,14.89,26,,70.26561823624223,48.391310154271245,42.500492746949114,10.23755036136142,217150,"(70.26561823624223, 48.391310154271245, 42.500492746949114)"
012A27.JPG,16.41,27,,89.45980132198272,67.39108444027184,67.88430325251731,9.49377851705232,236463,"(89.45980132198272, 67.39108444027184, 67.88430325251731)"
012A30.JPG,55.25,30,,102.75076857152823,79.50920541911438,76.39855104959217,45.743284450994665,200697,"(102.75076857152823, 79.50920541911438, 76.39855104959217)"
012A32.JPG,47.65,32,,83.5366672284013,71.51414166947534,67.258973710819,27.37274309037199,213624,"(83.5366672284013, 71.51414166947534, 67.258973710819)"
012A34.JPG,18.91,34,,87.84025189446774,87.20328999419198,84.06708039311636,17.315041256962704,218663,"(87.84025189446774, 87.20328999419198, 84.06708039311636)"
012A36.JPG,37.21,36,,117.393745254366,109.08189777904329,103.22891158883827,41.48619776251014,168576,"(117.393745254366, 109.08189777904329, 103.22891158883827)"
013A00.JPG,44.87,0,,98.74663277395015,98.74663277395015,98.74663277395015,55.46999155760865,173882,"(98.74663277395015, 98.74663277395015, 98.74663277395015)"
013A08.JPG,42.2,8,,132.43381123616493,132.43381123616493,132.43381123616493,24.179218107252307,214130,"(132.43381123616493, 132.43381123616493, 132.43381123616493)"
013A16.JPG,25.43,16,,90.52148033126294,90.52148033126294,90.52148033126294,14.08024111028711,146832,"(90.52148033126294, 90.52148033126294, 90.52148033126294)"
013A18.JPG,39.83,18,,122.13437019951773,122.13437019951773,122.13437019951773,12.84011399046187,219379,"(122.13437019951773, 122.13437019951773, 122.13437019951773)"
013A19.JPG,34.17,19,,77.02964085338397,77.02964085338397,77.02964085338397,17.62458896360843,164334,"(77.02964085338397, 77.02964085338397, 77.02964085338397)"
013A21.JPG,39.36,21,,120.65904213054715,71.69468367840867,55.248869790762875,8.534030931136169,218986,"(120.65904213054715, 71.69468367840867, 55.248869790762875)"
013A23.JPG,46.63,23,,89.2344585990467,79.00943733358835,72.68289049169766,20.204726480775143,198679,"(89.2344585990467, 79.00943733358835, 72.68289049169766)"
013A25.JPG,51.18,25,,106.54439647653932,82.8162567591139,75.74377725449153,17.215778347261168,229320,"(106.54439647653932, 82.8162567591139, 75.74377725449153)"
013A30.JPG,43.5,30,,87.17742067673575,73.54374195059127,75.0525641025641,53.245190530754364,170820,"(87.17742067673575, 73.54374195059127, 75.0525641025641)"
013A34.JPG,57.07,34,,97.15333430827728,80.1340889148874,68.22731305449938,56.405453261793916,205140,"(97.15333430827728, 80.1340889148874, 68.22731305449938)"
013A41.JPG,39.85,41,,118.5659619450317,105.32042518205309,98.08330984261217,18.237558398473592,170280,"(118.5659619450317, 105.32042518205309, 98.08330984261217)"
013A44.JPG,61.5,44,,114.68436596195365,100.61546295164773,101.96491710456638,93.01605515828332,196392,"(114.68436596195365, 100.61546295164773, 101.96491710456638)"
014A03.JPG,31.43,3,,88.89672425338155,88.89672425338155,88.89672425338155,8.51145934474708,186675,"(88.89672425338155, 88.89672425338155, 88.89672425338155)"
014A12.JPG,33.48,12,,138.3323798627002,138.3323798627002,138.3323798627002,7.437027840377424,208012,"(138.3323798627002, 138.3323798627002, 138.3323798627002)"
014A14.JPG,34.96,14,,115.96490896490897,115.96490896490897,115.96490896490897,5.93305218287668,222222,"(115.96490896490897, 115.96490896490897, 115.96490896490897)"
014A16.JPG,37.01,16,,104.57681281319228,104.57681281319228,104.57681281319228,22.34961348171243,168826,"(104.57681281319228, 104.57681281319228, 104.57681281319228)"
014A18.JPG,38.87,18,,130.4258451025057,130.4258451025057,130.4258451025057,10.048255681093396,219500,"(130.4258451025057, 130.4258451025057, 130.4258451025057)"
014A22.JPG,45.8,22,,101.8810101106905,74.72819013848292,65.2029948727778,14.363484043517216,208690,"(101.8810101106905, 74.72819013848292, 65.2029948727778)"
014A30.JPG,57.0,30,,65.19418598700037,52.800404319566,46.446102666461954,103.15307095884468,195390,"(65.19418598700037, 52.800404319566, 46.446102666461954)"
014A36.JPG,40.12,36,,100.07147886282283,83.26149750022188,72.20315356625152,18.019171632333116,169015,"(100.07147886282283, 83.26149750022188, 72.20315356625152)"
014A40.JPG,57.74,40,,106.8782708070618,97.52754571248424,86.59301111286254,49.62630598620758,203008,"(106.8782708070618, 97.52754571248424, 86.59301111286254)"
014A42.JPG,48.34,42,,91.49547150802381,65.8685966301029,55.52599899252619,21.045239771823276,194546,"(91.49547150802381, 65.8685966301029, 55.52599899252619)"
015A00.JPG,61.61,0,,81.92656281429498,59.74395994904231,52.73285653621796,101.75685655980713,223715,"(81.92656281429498, 59.74395994904231, 52.73285653621796)"
015A01.JPG,72.46,1,,112.9126263463802,90.4282732762491,76.59960281025897,42.91800647638558,247237,"(112.9126263463802, 90.4282732762491, 76.59960281025897)"
015A03.JPG,42.65,3,,90.85048517374098,61.992638369382554,43.17660866265517,30.297940589911633,184470,"(90.85048517374098, 61.992638369382554, 43.17660866265517)"
015A04.JPG,68.84,4,,69.72854946305556,70.63656468556161,72.8992860919081,69.18788746716122,247791,"(69.72854946305556, 70.63656468556161, 72.8992860919081)"
015A05.JPG,55.37,5,,80.33029398762157,59.238160366931915,46.835497715885644,56.0184027878118,217152,"(80.33029398762157, 59.238160366931915, 46.835497715885644)"
015A07.JPG,50.96,7,,108.67552736685523,94.75631610386873,83.50533516052333,94.79086256933225,170754,"(108.67552736685523, 94.75631610386873, 83.50533516052333)"
015A09.JPG,60.13,9,,111.22041718073051,96.96255128683327,90.35310016354403,146.1360914156928,174265,"(111.22041718073051, 96.96255128683327, 90.35310016354403)"
015A10.JPG,76.82,10,,115.88908632174889,89.04965308226026,77.31713358256026,75.5530737271864,260004,"(115.88908632174889, 89.04965308226026, 77.31713358256026)"
015A12.JPG,59.59,12,,122.55386357857755,99.03201349883273,100.4032961190856,47.9426838946076,216315,"(122.55386357857755, 99.03201349883273, 100.4032961190856)"
015A14.JPG,53.68,14,,109.998158952769,69.54138520754648,56.69445384521666,27.510678270893443,221613,"(109.998158952769, 69.54138520754648, 56.69445384521666)"
015A15.JPG,59.96,15,,112.93426223806625,96.16686809842622,99.92429788714026,39.729886066341344,230020,"(112.93426223806625, 96.16686809842622, 99.92429788714026)"
015A17.JPG,59.69,17,,121.90077335858587,100.43908354377105,93.93251262626264,109.56878431495366,190080,"(121.90077335858587, 100.43908354377105, 93.93251262626264)"
015A19.JPG,49.98,19,,102.97176013699469,75.15900148818625,71.44615008256376,39.45843471287307,196212,"(102.97176013699469, 75.15900148818625, 71.44615008256376)"
016A01.JPG,53.02,1,,120.79309026520183,86.11022576361222,74.56602881403678,55.17126573766283,198792,"(120.79309026520183, 86.11022576361222, 74.56602881403678)"
016A03.JPG,47.97,3,,95.12133288005842,84.30112563269623,68.39778650751681,73.0709133283045,158844,"(95.12133288005842, 84.30112563269623, 68.39778650751681)"
016A04.JPG,51.55,4,,104.35795012582932,106.69837565774421,110.5074963776405,59.202108354963414,196695,"(104.35795012582932, 106.69837565774421, 110.5074963776405)"
016A05.JPG,52.61,5,,53.2482967143721,33.28441846401935,23.008612174964725,51.161278038779635,198440,"(53.2482967143721, 33.28441846401935, 23.008612174964725)"
016A07.JPG,68.59,7,,88.88882729999004,60.90362284853394,44.38279395670774,124.97774904038904,211077,"(88.88882729999004, 60.90362284853394, 44.38279395670774)"
016A08.JPG,76.35,8,,92.60671206522734,64.12345023971662,47.29942055760833,83.17009473308259,261976,"(92.60671206522734, 64.12345023971662, 47.29942055760833)"
016A10.JPG,61.35,10,,111.97243358633777,92.54415559772296,83.22703984819735,81.13707016545857,210800,"(111.97243358633777, 92.54415559772296, 83.22703984819735)"
016A12.JPG,58.11,12,,103.26306721167279,79.40616236353289,71.29264759145238,58.2645208578712,193270,"(103.26306721167279, 79.40616236353289, 71.29264759145238)"
016A14.JPG,47.62,14,,86.95194385261311,82.533274846472,86.27005890462463,34.992079844650895,199475,"(86.95194385261311, 82.533274846472, 86.27005890462463)"
016A16.JPG,52.09,16,,87.45633004866474,66.62161586325448,65.36284047163643,36.98308431538427,206515,"(87.45633004866474, 66.62161586325448, 65.36284047163643)"
016A17.JPG,53.1,17,,114.92811512301901,88.25617887177654,84.99878265336892,65.71944575036093,179078,"(114.92811512301901, 88.25617887177654, 84.99878265336892)"
016A18.JPG,44.04,18,,88.26714046822742,68.36724199713329,56.3288939321548,51.72062625303287,167440,"(88.26714046822742, 68.36724199713329, 56.3288939321548)"
016A19.JPG,51.16,19,,119.98329166666666,99.69133796296296,88.21662962962962,98.48746284164002,216000,"(119.98329166666666, 99.69133796296296, 88.21662962962962)"
017A05.JPG,42.05,5,,146.05397224606926,146.05397224606926,146.05397224606926,9.319377436731546,248109,"(146.05397224606926, 146.05397224606926, 146.05397224606926)"
017A07.JPG,47.66,7,,88.65461744358073,88.65461744358073,88.65461744358073,20.398248316479222,233874,"(88.65461744358073, 88.65461744358073, 88.65461744358073)"
017A12.JPG,27.47,12,,93.22873163186388,93.22873163186388,93.22873163186388,13.701583419016908,155160,"(93.22873163186388, 93.22873163186388, 93.22873163186388)"
017A15.JPG,60.01,15,,160.5027816467997,89.71845847369785,76.19118456854108,35.082192684702505,246976,"(160.5027816467997, 89.71845847369785, 76.19118456854108)"
017A17.JPG,67.59,17,,84.09420223577236,84.09420223577236,84.09420223577236,415.5039547410757,196800,"(84.09420223577236, 84.09420223577236, 84.09420223577236)"
017A19.JPG,64.52,19,,127.87945964337229,106.84061012953032,83.95735035485463,56.75747998540578,208677,"(127.87945964337229, 106.84061012953032, 83.95735035485463)"
017A22.JPG,42.86,22,,124.98388471017215,80.80496284963033,65.1954998121868,12.231894744291802,218302,"(124.98388471017215, 80.80496284963033, 65.1954998121868)"
017A26.JPG,51.08,26,,92.47748038599998,65.53918819710411,55.843211831200186,16.531558240049435,226114,"(92.47748038599998, 65.53918819710411, 55.843211831200186)"
017A29.JPG,59.96,29,,76.08531888133875,53.68761681834855,43.5584048072388,38.83194615091712,228988,"(76.08531888133875, 53.68761681834855, 43.5584048072388)"
017A32.JPG,37.44,32,,88.51216725971727,82.40904450796243,80.69501643041863,9.396443763202862,205716,"(88.51216725971727, 82.40904450796243, 80.69501643041863)"
017A36.JPG,39.67,36,,116.41582354351473,112.66800927035882,84.71502703854657,14.300093763849729,187695,"(116.41582354351473, 112.66800927035882, 84.71502703854657)"
017A38.JPG,43.72,38,,117.69156187936058,89.16306183071103,80.6436792792999,29.599399790151068,174719,"(117.69156187936058, 89.16306183071103, 80.6436792792999)"
017A42.JPG,71.53,42,,117.92830560359059,100.03199413506147,82.56471858928082,685.1217685350827,178689,"(117.92830560359059, 100.03199413506147, 82.56471858928082)"
018A06.JPG,40.43,6,,113.65174621576978,113.65174621576978,113.65174621576978,11.44836883815283,229439,"(113.65174621576978, 113.65174621576978, 113.65174621576978)"
018A11.JPG,35.3,11,,100.10050444596442,100.10050444596442,100.10050444596442,7.507589645720932,210528,"(100.10050444596442, 100.10050444596442, 100.10050444596442)"
018A16.JPG,44.28,16,,74.4182667859976,74.4182667859976,74.4182667859976,34.76560440052073,196652,"(74.4182667859976, 74.4182667859976, 74.4182667859976)"
018A18.JPG,26.76,18,,108.77249528532053,108.77249528532053,108.77249528532053,10.985842305790982,151654,"(108.77249528532053, 108.77249528532053, 108.77249528532053)"
018A22.JPG,40.82,22,,71.36654045026081,47.85895030658003,37.84448499130594,27.44987066840225,174832,"(71.36654045026081, 47.85895030658003, 37.84448499130594)"
018A25.JPG,71.24,25,,83.39921244232987,58.27207684544406,54.98629433391004,144.48191026199547,221952,"(83.39921244232987, 58.27207684544406, 54.98629433391004)"
018A28.JPG,31.98,28,,100.79481755684823,88.09423081765758,85.67479413764448,10.478742074528936,158844,"(100.79481755684823, 88.09423081765758, 85.67479413764448)"
018A29.JPG,53.17,29,,85.86361855221742,64.04820200576151,51.1894406862133,23.9175389532537,232231,"(85.86361855221742, 64.04820200576151, 51.1894406862133)"
018A33.JPG,51.88,33,,106.9779006058732,77.26053030815466,80.34945935238242,22.57109265470862,206974,"(106.9779006058732, 77.26053030815466, 80.34945935238242)"
018A34.JPG,34.83,34,,129.90917082038936,88.3640958536025,71.91332121345307,7.990486807588917,200222,"(129.90917082038936, 88.3640958536025, 71.91332121345307)"
018A36.JPG,40.39,36,,111.05896616334178,79.3854944240153,65.9627916996483,10.832887432612205,199606,"(111.05896616334178, 79.3854944240153, 65.9627916996483)"
019A00.JPG,36.18,0,,127.06178392449222,127.06178392449222,127.06178392449222,22.405309649575145,169413,"(127.06178392449222, 127.06178392449222, 127.06178392449222)"
019A03.JPG,38.62,3,,95.69076792201872,95.69076792201872,95.69076792201872,15.911236778260392,212769,"(95.69076792201872, 95.69076792201872, 95.69076792201872)"
019A05.JPG,47.67,5,,101.82371943218419,81.64847906477395,79.65458189192414,20.525510560762815,209575,"(101.82371943218419, 81.64847906477395, 79.65458189192414)"
019A07.JPG,35.83,7,,75.98083330166331,52.51413116457012,47.71389933999671,16.69838488387965,157878,"(75.98083330166331, 52.51413116457012, 47.71389933999671)"
019A12.JPG,49.34,12,,82.16613441434866,73.16385985036106,80.45172580098543,68.24643045997861,153436,"(82.16613441434866, 73.16385985036106, 80.45172580098543)"
019A15.JPG,40.63,15,,96.0240537157164,63.97747581654718,48.08953681575054,9.122647021695583,219675,"(96.0240537157164, 63.97747581654718, 48.08953681575054)"
019A18.JPG,40.74,18,,143.3101660962442,110.3647380098993,77.30140764096622,7.77170359738518,222642,"(143.3101660962442, 110.3647380098993, 77.30140764096622)"
019A23.JPG,40.19,23,,76.36556713285414,64.52015192882747,59.47961590609386,10.048529005524681,215364,"(76.36556713285414, 64.52015192882747, 59.47961590609386)"
019A27.JPG,31.16,27,,82.01281951729152,72.03888916341354,60.751544201215594,25.477211479756317,141659,"(82.01281951729152, 72.03888916341354, 60.751544201215594)"
019A30.JPG,56.39,30,,120.58570187665394,95.08883906025898,78.45525725713594,15.129575318458572,247515,"(120.58570187665394, 95.08883906025898, 78.45525725713594)"
020A02.JPG,32.53,2,,91.63040344172634,91.63040344172634,91.63040344172634,5.523913734133,218495,"(91.63040344172634, 91.63040344172634, 91.63040344172634)"
020A04.JPG,33.99,4,,109.56219331641286,70.39404082064297,48.18361886632826,8.2404146298156,189120,"(109.56219331641286, 70.39404082064297, 48.18361886632826)"
020A08.JPG,40.92,8,,106.00140646056023,64.45749872437298,43.44686849920846,64.20002723034243,152866,"(106.00140646056023, 64.45749872437298, 43.44686849920846)"
020A11.JPG,45.73,11,,72.01259746202722,72.01259746202722,72.01259746202722,23.35815091652956,227268,"(72.01259746202722, 72.01259746202722, 72.01259746202722)"
020A13.JPG,54.05,13,,131.12957829522855,69.12391097734833,49.695914075012766,25.32705093453155,227268,"(131.12957829522855, 69.12391097734833, 49.695914075012766)"
020A16.JPG,32.13,16,,81.13369104038387,70.20472622410269,64.93184262465579,10.490538876548097,169226,"(81.13369104038387, 70.20472622410269, 64.93184262465579)"
020A18.JPG,44.97,18,,140.45707157258065,71.00791834677419,60.78516129032258,36.27200490563171,198400,"(140.45707157258065, 71.00791834677419, 60.78516129032258)"
020A20.JPG,45.16,20,,110.82541659073883,92.1480238514649,88.22095507096721,26.54163052501158,197556,"(110.82541659073883, 92.1480238514649, 88.22095507096721)"
020A22.JPG,60.74,22,,78.60901440144015,53.5185598559856,48.88159765976598,58.325947627433756,222200,"(78.60901440144015, 53.5185598559856, 48.88159765976598)"
020A24.JPG,44.12,24,,91.56697960979903,78.77451958339446,67.45460857659772,15.417235313986188,204510,"(91.56697960979903, 78.77451958339446, 67.45460857659772)"
020A26.JPG,39.76,26,,89.05985291659702,80.9333779040615,71.62937768120787,15.499813042576136,179490,"(89.05985291659702, 80.9333779040615, 71.62937768120787)"
020A30.JPG,42.38,30,,74.56521470497374,79.70312017299969,53.40850581814437,14.463613428068316,194220,"(74.56521470497374, 79.70312017299969, 53.40850581814437)"
020A36.JPG,44.65,36,,88.21160671173347,64.18891236117817,53.13910550458716,167.6411376826912,165680,"(88.21160671173347, 64.18891236117817, 53.13910550458716)"
021A03.JPG,40.17,3,,120.81061512450218,107.08550292368096,97.77628925624477,17.949114082344682,178029,"(120.81061512450218, 107.08550292368096, 97.77628925624477)"
021A05.JPG,33.99,5,,84.7051637279597,84.7051637279597,84.7051637279597,11.373753574135817,190560,"(84.7051637279597, 84.7051637279597, 84.7051637279597)"
021A06.JPG,35.87,6,,128.54961012279963,128.54961012279963,128.54961012279963,39.3492932675417,149919,"(128.54961012279963, 128.54961012279963, 128.54961012279963)"
021A11.JPG,40.53,11,,78.25291086918554,78.25291086918554,78.25291086918554,21.81433914084019,206124,"(78.25291086918554, 78.25291086918554, 78.25291086918554)"
021A16.JPG,44.64,16,,131.637968257673,74.51681059633563,57.837297234216365,36.709281382085926,171380,"(131.637968257673, 74.51681059633563, 57.837297234216365)"
021A18.JPG,42.73,18,,99.11138506741982,66.93370194059767,58.26326188957726,42.937299374753344,175616,"(99.11138506741982, 66.93370194059767, 58.26326188957726)"
021A20.JPG,40.48,20,,125.61309157565503,98.27372070963442,78.27499615443779,30.22431049481476,156024,"(125.61309157565503, 98.27372070963442, 78.27499615443779)"
021A23.JPG,44.73,23,,81.99604035162453,70.4692183324943,58.86517832939628,12.734468900425293,206584,"(81.99604035162453, 70.4692183324943, 58.86517832939628)"
021A27.JPG,54.71,27,,84.66198584697037,64.09513874199565,60.20421898736611,67.32902274936956,208012,"(84.66198584697037, 64.09513874199565, 60.20421898736611)"
021A30.JPG,55.53,30,,91.02679598642725,81.51496837393992,76.16200892228677,31.905665423653538,206001,"(91.02679598642725, 81.51496837393992, 76.16200892228677)"
021A35.JPG,55.86,35,,75.63982950142082,67.92253681219323,61.39026608111599,61.32364522143857,193550,"(75.63982950142082, 67.92253681219323, 61.39026608111599)"
021A39.JPG,39.28,39,,57.37729256563636,47.211456192010665,35.98100511756826,31.188239552060914,161991,"(57.37729256563636, 47.211456192010665, 35.98100511756826)"
022A00.JPG,38.52,0,,118.05358914399093,76.36110668225623,78.84854644982994,8.606680935297554,225792,"(118.05358914399093, 76.36110668225623, 78.84854644982994)"
022A07.JPG,42.04,7,,152.96973503951375,108.14501935306329,90.99122381952297,18.396195995645066,167157,"(152.96973503951375, 108.14501935306329, 90.99122381952297)"
022A11.JPG,37.62,11,,135.05994897959184,101.70060790273556,90.43633847155884,15.231451958184934,184240,"(135.05994897959184, 101.70060790273556, 90.43633847155884)"
022A14.JPG,53.15,14,,114.1479357243115,94.84638529919494,94.14090153751835,20.939782489224154,247932,"(114.1479357243115, 94.84638529919494, 94.14090153751835)"
022A16.JPG,45.02,16,,93.50744142244258,80.28023052713765,56.823184719527994,12.24757805929856,248474,"(93.50744142244258, 80.28023052713765, 56.823184719527994)"
022A18.JPG,36.7,18,,94.82332464513605,70.90841144080231,69.69154022750419,13.22671602589593,173799,"(94.82332464513605, 70.90841144080231, 69.69154022750419)"
022A20.JPG,36.72,20,,107.6325210970464,85.80243670886075,72.13166139240506,15.351419170689123,189600,"(107.6325210970464, 85.80243670886075, 72.13166139240506)"
022A23.JPG,27.2,23,,136.82250506440394,104.91835034208616,94.33074953178152,11.289788266563667,130815,"(136.82250506440394, 104.91835034208616, 94.33074953178152)"
022A25.JPG,44.55,25,,116.92497303363177,109.29669776868418,79.66187802011231,12.940593372871042,206739,"(116.92497303363177, 109.29669776868418, 79.66187802011231)"
022A26.JPG,50.14,26,,95.70462676002448,71.76610326752372,56.94298094582185,34.32540648382481,209088,"(95.70462676002448, 71.76610326752372, 56.94298094582185)"
022A27.JPG,34.3,27,,79.44132530120481,63.78916371367824,48.61085046066619,19.649196256405958,141100,"(79.44132530120481, 63.78916371367824, 48.61085046066619)"
022A28.JPG,35.22,28,,104.5527443081354,80.89332652800817,63.17653742625033,13.472139669272911,164577,"(104.5527443081354, 80.89332652800817, 63.17653742625033)"
022A30.JPG,42.65,30,,110.96820111731844,97.03472625698325,76.49761452513967,23.700177678845513,179000,"(110.96820111731844, 97.03472625698325, 76.49761452513967)"
023A00.JPG,32.33,0,,139.7517461146663,57.52048060598145,43.589034870053545,7.987558808838624,191425,"(139.7517461146663, 57.52048060598145, 43.589034870053545)"
023A03.JPG,54.22,3,,125.34952491454733,64.11058280284738,38.96044482423406,14.479132726414342,255112,"(125.34952491454733, 64.11058280284738, 38.96044482423406)"
023A05.JPG,36.84,5,,118.38868178580967,81.53252692958247,67.47011038903231,11.961580767367433,179728,"(118.38868178580967, 81.53252692958247, 67.47011038903231)"
023A07.JPG,36.58,7,,100.52414110711983,66.63842682140555,50.89254244573394,20.896362970924493,162855,"(100.52414110711983, 66.63842682140555, 50.89254244573394)"
023A09.JPG,47.37,9,,152.34390913829745,83.24853642888648,62.693652512129596,23.911382318731857,199512,"(152.34390913829745, 83.24853642888648, 62.693652512129596)"
023A14.JPG,64.02,14,,73.5114809123261,50.55434729860887,43.999098188288585,36.27956838391018,247280,"(73.5114809123261, 50.55434729860887, 43.999098188288585)"
023A16.JPG,49.4,16,,103.26232093147999,76.69934985064137,73.697384605425,15.401474976925023,216258,"(103.26232093147999, 76.69934985064137, 73.697384605425)"
023A18.JPG,56.0,18,,91.13701356999883,66.14671273401625,57.606407482632754,15.363570777000842,271776,"(91.13701356999883, 66.14671273401625, 57.606407482632754)"
023A21.JPG,32.09,21,,103.47085516977836,91.06499071951087,75.07620919314336,26.31464960086589,146544,"(103.47085516977836, 91.06499071951087, 75.07620919314336)"
023A22.JPG,46.19,22,,133.9022760053783,105.55911013323554,91.21196430754186,19.435679383374342,204525,"(133.9022760053783, 105.55911013323554, 91.21196430754186)"
023A25.JPG,55.42,25,,95.9748208223312,83.67026841906728,62.72679624372134,40.71332552323871,201476,"(95.9748208223312, 83.67026841906728, 62.72679624372134)"
023A29.JPG,53.64,29,,145.72485589539033,113.16404347271305,82.26228980699136,143.65695854826404,180251,"(145.72485589539033, 113.16404347271305, 82.26228980699136)"
024A00.JPG,36.05,0,,140.81514016897083,112.74861991167435,87.75375624039938,14.795301367029422,166656,"(140.81514016897083, 112.74861991167435, 87.75375624039938)"
024A05.JPG,40.06,5,,124.36232168179473,72.5260378887386,56.452907003339284,36.63621344839927,153027,"(124.36232168179473, 72.5260378887386, 56.452907003339284)"
024A07.JPG,48.75,7,,125.6655363589479,82.87332387828776,68.42726491318548,20.769816644193973,232680,"(125.6655363589479, 82.87332387828776, 68.42726491318548)"
024A10.JPG,47.67,10,,158.7926381820334,85.75026630370458,66.3873547165345,21.113492187995856,211225,"(158.7926381820334, 85.75026630370458, 66.3873547165345)"
024A17.JPG,59.66,17,,81.44150197628458,59.46100296442688,53.7567243083004,63.519325562808774,202400,"(81.44150197628458, 59.46100296442688, 53.7567243083004)"
024A18.JPG,39.03,18,,82.77313141182218,81.01758671226185,73.19699560332194,25.539311760861242,163760,"(82.77313141182218, 81.01758671226185, 73.19699560332194)"
024A19.JPG,53.56,19,,85.05567127162814,58.10745771250315,53.12947821200906,50.54405677286657,206444,"(85.05567127162814, 58.10745771250315, 53.12947821200906)"
024A23.JPG,40.07,23,,101.90191335425384,84.51930788005579,83.30913310669456,16.24291272697561,183552,"(101.90191335425384, 84.51930788005579, 83.30913310669456)"
024A25.JPG,64.29,25,,115.81608770382891,98.76868846530489,89.08564369913165,35.04413729752553,246101,"(115.81608770382891, 98.76868846530489, 89.08564369913165)"
024A28.JPG,53.83,28,,98.66680583044696,73.41221857991093,68.12166006927264,51.99322442811362,194016,"(98.66680583044696, 73.41221857991093, 68.12166006927264)"
024A30.JPG,32.45,30,,96.91715153658222,71.79847627619904,66.90483959110196,39.037140151472656,124432,"(96.91715153658222, 71.79847627619904, 66.90483959110196)"
025A00.JPG,24.91,0,,106.62570738440303,106.62570738440303,106.62570738440303,3.049298668399086,202860,"(106.62570738440303, 106.62570738440303, 106.62570738440303)"
025A03.JPG,41.96,3,,72.79835289205344,72.79835289205344,72.79835289205344,37.49962887095612,182016,"(72.79835289205344, 72.79835289205344, 72.79835289205344)"
025A07.JPG,48.01,7,,68.55044547104438,68.55044547104438,68.55044547104438,31.037089498400697,218196,"(68.55044547104438, 68.55044547104438, 68.55044547104438)"
025A12.JPG,39.37,12,,114.58300854857983,114.58300854857983,114.58300854857983,10.310631827197668,217580,"(114.58300854857983, 114.58300854857983, 114.58300854857983)"
025A15.JPG,36.78,15,,109.98553532222653,61.728238408885446,44.841876533643294,25.512936377931517,154860,"(109.98553532222653, 61.728238408885446, 44.841876533643294)"
025A18.JPG,44.78,18,,85.25914704670988,49.90349407310867,42.06493909491489,30.701939517635022,177243,"(85.25914704670988, 49.90349407310867, 42.06493909491489)"
025A19.JPG,33.89,19,,108.47270601515883,108.47270601515883,108.47270601515883,18.869765225175033,173628,"(108.47270601515883, 108.47270601515883, 108.47270601515883)"
025A22.JPG,52.53,22,,117.55497372646329,103.15196230477302,90.493869508101,46.37805912637456,219232,"(117.55497372646329, 103.15196230477302, 90.493869508101)"
025A23.JPG,40.93,23,,104.22377452150255,60.20048207722782,58.4833038995752,15.770324424221453,209510,"(104.22377452150255, 60.20048207722782, 58.4833038995752)"
025A28.JPG,54.63,28,,69.62585662431032,54.25488118965976,49.73670945813649,56.23136161279884,199183,"(69.62585662431032, 54.25488118965976, 49.73670945813649)"
025A34.JPG,60.92,34,,84.01793869591306,60.40091006067071,59.86158660577372,44.870095685187216,239984,"(84.01793869591306, 60.40091006067071, 59.86158660577372)"
025A39.JPG,80.39,39,,81.29799524294937,62.006965681277606,55.10730971797485,151.0729102954884,235440,"(81.29799524294937, 62.006965681277606, 55.10730971797485)"
026A00.JPG,51.45,0,,141.1913028375018,98.37088178294573,83.89913796255668,30.52226765228265,218784,"(141.1913028375018, 98.37088178294573, 83.89913796255668)"
026A02.JPG,56.03,2,,143.5831630667445,103.4190341830447,88.47344652007524,23.763122492629694,246672,"(143.5831630667445, 103.4190341830447, 88.47344652007524)"
026A04.JPG,49.08,4,,95.05095381526104,58.031544447018845,57.59678135619401,41.284435160588004,207168,"(95.05095381526104, 58.031544447018845, 57.59678135619401)"
026A06.JPG,43.34,6,,109.78017555127383,94.74682080924856,83.91797616498965,19.349884819941778,210195,"(109.78017555127383, 94.74682080924856, 83.91797616498965)"
026A07.JPG,53.74,7,,88.38498943847914,74.24916938039078,65.6377123305756,87.3320101367067,181792,"(88.38498943847914, 74.24916938039078, 65.6377123305756)"
026A11.JPG,44.29,11,,83.50327298113275,64.49108316635991,55.802292900078875,11.968203256127481,220594,"(83.50327298113275, 64.49108316635991, 55.802292900078875)"
026A13.JPG,46.28,13,,111.12213477088949,82.81472776280323,75.5263126684636,30.806999674841716,185500,"(111.12213477088949, 82.81472776280323, 75.5263126684636)"
026A15.JPG,43.15,15,,90.65003076923077,70.49353846153846,65.4480923076923,18.981754759585073,195000,"(90.65003076923077, 70.49353846153846, 65.4480923076923)"
026A17.JPG,52.8,17,,109.02011494252874,93.61849755056137,92.31527706296106,31.444048833473854,209844,"(109.02011494252874, 93.61849755056137, 92.31527706296106)"
026A18.JPG,41.13,18,,137.6743893678161,112.66486470306513,107.31545138888889,30.872427075416045,167040,"(137.6743893678161, 112.66486470306513, 107.31545138888889)"
026A19.JPG,39.6,19,,86.1677801724138,67.30725574712643,62.964056513409965,29.80923919720194,167040,"(86.1677801724138, 67.30725574712643, 62.964056513409965)"
027A02.JPG,44.56,2,,84.69848541433255,84.69848541433255,84.69848541433255,12.44235715805971,240990,"(84.69848541433255, 84.69848541433255, 84.69848541433255)"
027A11.JPG,40.11,11,,90.02892194571265,90.02892194571265,90.02892194571265,18.22088003113857,200194,"(90.02892194571265, 90.02892194571265, 90.02892194571265)"
027A13.JPG,55.16,13,,109.72985895731797,109.72985895731797,109.72985895731797,19.26936789766298,270840,"(109.72985895731797, 109.72985895731797, 109.72985895731797)"
027A16.JPG,71.2,16,,84.92695373490015,84.92695373490015,84.92695373490015,145.46328693650915,243380,"(84.92695373490015, 84.92695373490015, 84.92695373490015)"
027A18.JPG,58.29,18,,75.05650405799112,75.05650405799112,75.05650405799112,120.75443382459466,230656,"(75.05650405799112, 75.05650405799112, 75.05650405799112)"
027A20.JPG,45.09,20,,68.08477759103641,50.11085266106443,42.76605938375351,13.42360758333332,223125,"(68.08477759103641, 50.11085266106443, 42.76605938375351)"
027A22.JPG,57.87,22,,117.07833916083916,97.36149912587413,82.47692307692307,32.60373356426014,228800,"(117.07833916083916, 97.36149912587413, 82.47692307692307)"
027A25.JPG,65.07,25,,82.7044344016761,62.34200474434228,65.14279085069174,31.676500257989478,288765,"(82.7044344016761, 62.34200474434228, 65.14279085069174)"
027A30.JPG,57.08,30,,70.87690049496501,54.272210274790915,51.086714456391874,11.554846780122798,292950,"(70.87690049496501, 54.272210274790915, 51.086714456391874)"
027A36.JPG,45.18,36,,83.55668965067211,81.10529864706137,86.13271088006265,51.657448948696995,183896,"(83.55668965067211, 81.10529864706137, 86.13271088006265)"
027A41.JPG,51.15,41,,82.18900801975155,67.3775541915935,73.69154170875093,14.212933100902646,231678,"(82.18900801975155, 67.3775541915935, 73.69154170875093)"
028A14.JPG,24.24,14,,85.71798765553052,85.71798765553052,85.71798765553052,10.965880187971345,142898,"(85.71798765553052, 85.71798765553052, 85.71798765553052)"
028A16.JPG,56.61,16,,102.35937720305357,87.92584647612142,79.21261606945032,59.74492038968849,198588,"(102.35937720305357, 87.92584647612142, 79.21261606945032)"
028A18.JPG,42.83,18,,124.91762804633497,124.91762804633497,124.91762804633497,57.995698724628674,169548,"(124.91762804633497, 124.91762804633497, 124.91762804633497)"
028A20.JPG,49.85,20,,82.87925939896895,82.87925939896895,82.87925939896895,100.02530427801848,190872,"(82.87925939896895, 82.87925939896895, 82.87925939896895)"
028A26.JPG,53.23,26,,81.14690487485227,62.04870430077268,53.685836154149214,13.71036644711581,248746,"(81.14690487485227, 62.04870430077268, 53.685836154149214)"
028A28.JPG,60.59,28,,153.75555477374363,128.67312052412672,107.98939472120587,19.026451299016287,255816,"(153.75555477374363, 128.67312052412672, 107.98939472120587)"
028A34.JPG,53.89,34,,97.222435,82.708465,74.43742,38.216338826388885,200000,"(97.222435, 82.708465, 74.43742)"
028A35.JPG,53.33,35,,92.62515254237289,71.98657142857144,64.66091041162228,37.1655787446566,206500,"(92.62515254237289, 71.98657142857144, 64.66091041162228)"
028A37.JPG,51.57,37,,75.33243540530228,57.546624913013225,46.82233932700294,87.90485963425061,178188,"(75.33243540530228, 57.546624913013225, 46.82233932700294)"
028A41.JPG,47.57,41,,82.43115034550618,63.939128295726455,57.04307645861753,46.04261677391266,178868,"(82.43115034550618, 63.939128295726455, 57.04307645861753)"
028A46.JPG,38.25,46,,103.34561948349133,83.47248346619055,87.6756670103352,26.45579653294532,159068,"(103.34561948349133, 83.47248346619055, 87.6756670103352)"
029A01.JPG,36.76,1,,119.39980627663697,119.39980627663697,119.39980627663697,33.98771013426467,154860,"(119.39980627663697, 119.39980627663697, 119.39980627663697)"
029A04.JPG,39.3,4,,84.01361836418822,56.257970009447426,65.93088805805141,11.963398607059618,198996,"(84.01361836418822, 56.257970009447426, 65.93088805805141)"
029A05.JPG,28.06,5,,112.84270538933828,75.80010195437542,77.09229869633339,12.436695905051392,133393,"(112.84270538933828, 75.80010195437542, 77.09229869633339)"
029A10.JPG,39.21,10,,119.76169712793734,73.40102872062664,50.28897127937337,11.70988483894195,191500,"(119.76169712793734, 73.40102872062664, 50.28897127937337)"
029A11.JPG,46.3,11,,126.54376091013063,57.40189535303678,41.50659874796846,8.077755087341634,265808,"(126.54376091013063, 57.40189535303678, 41.50659874796846)"
029A13.JPG,40.56,13,,124.1060916482029,72.3437873717194,45.274870444706075,9.996339544000408,215738,"(124.1060916482029, 72.3437873717194, 45.274870444706075)"
029A16.JPG,62.46,16,,103.81097098149121,90.90800587765905,81.7548364181312,55.57268026058578,205524,"(103.81097098149121, 90.90800587765905, 81.7548364181312)"
029A20.JPG,39.7,20,,116.27107974669957,97.49038317054845,93.89270151336267,11.344964874611312,186340,"(116.27107974669957, 97.49038317054845, 93.89270151336267)"
029A22.JPG,52.74,22,,83.41639246547481,76.081325992662,75.67059207320266,13.52704226333084,248297,"(83.41639246547481, 76.081325992662, 75.67059207320266)"
029A23.JPG,36.11,23,,104.76084472049689,85.59626777087647,61.570169772256726,10.284376946410083,181125,"(104.76084472049689, 85.59626777087647, 61.570169772256726)"
029A29.JPG,37.19,29,,93.45260899814471,84.1228896103896,69.36246521335806,14.782691873141989,172480,"(93.45260899814471, 84.1228896103896, 69.36246521335806)"
029A31.JPG,38.25,31,,76.35673087506879,60.7810897083104,50.28423775454045,15.852064858045026,181700,"(76.35673087506879, 60.7810897083104, 50.28423775454045)"
029A33.JPG,45.19,33,,109.28537086216939,102.02764312722749,90.83054763009547,16.5544885172048,202582,"(109.28537086216939, 102.02764312722749, 90.83054763009547)"
030A00.JPG,38.97,0,,147.49385647175802,93.70612526506964,84.56281009344656,11.416739642756454,197118,"(147.49385647175802, 93.70612526506964, 84.56281009344656)"
030A04.JPG,44.47,4,,119.08088302271776,72.75235466652093,59.27353755624784,13.321961529001667,219564,"(119.08088302271776, 72.75235466652093, 59.27353755624784)"
030A05.JPG,44.53,5,,137.4580831506156,67.40607185022769,50.941735537190084,9.969876510509824,237160,"(137.4580831506156, 67.40607185022769, 50.941735537190084)"
030A07.JPG,44.58,7,,137.35215780470293,85.96549905604354,55.48658075037891,9.823625043139552,225646,"(137.35215780470293, 85.96549905604354, 55.48658075037891)"
030A10.JPG,38.43,10,,128.5823678119518,94.4884370893616,85.78162874618961,25.92278876956617,149919,"(128.5823678119518, 94.4884370893616, 85.78162874618961)"
030A16.JPG,43.55,16,,98.49988332669896,86.62987111031804,85.20376191325911,11.839327630369462,218559,"(98.49988332669896, 86.62987111031804, 85.20376191325911)"
030A17.JPG,38.18,17,,89.90949376557316,68.03233028791341,46.272369907605636,11.232762886126729,193843,"(89.90949376557316, 68.03233028791341, 46.272369907605636)"
030A18.JPG,44.81,18,,115.51050630378226,71.91128313351648,51.74198610075136,12.080527218242793,219868,"(115.51050630378226, 71.91128313351648, 51.74198610075136)"
030A20.JPG,32.42,20,,75.61728424051722,57.629173906917764,56.15768875530299,57.91957586116122,127758,"(75.61728424051722, 57.629173906917764, 56.15768875530299)"
030A23.JPG,30.54,23,,100.6547760907169,85.09734127746812,73.61694535204049,9.9730652378581,156090,"(100.6547760907169, 85.09734127746812, 73.61694535204049)"
030A26.JPG,58.08,26,,139.13638259123096,108.45429942810459,83.08669917619827,22.691396201417042,235008,"(139.13638259123096, 108.45429942810459, 83.08669917619827)"
031A00.JPG,47.04,0,,99.56071032186459,73.35590496156533,72.01556706540057,9.766163841897594,243270,"(99.56071032186459, 73.35590496156533, 72.01556706540057)"
031A02.JPG,65.58,2,,82.919455328462,76.44577111793568,64.69105422005718,42.447980721054996,226632,"(82.919455328462, 76.44577111793568, 64.69105422005718)"
031A03.JPG,56.43,3,,111.04674998963644,86.73686419599552,83.31654437673589,44.832326709325926,192984,"(111.04674998963644, 86.73686419599552, 83.31654437673589)"
031A04.JPG,45.77,4,,61.29056386999245,55.23178231292517,52.037133786848074,76.12107985457108,165375,"(61.29056386999245, 55.23178231292517, 52.037133786848074)"
031A06.JPG,37.53,6,,58.81366032426076,46.93682270665323,62.60240255376345,16.090432980202056,190464,"(58.81366032426076, 46.93682270665323, 62.60240255376345)"
031A07.JPG,48.25,7,,104.38634199506683,68.52902541157574,56.39652957035508,57.623722962990435,174330,"(104.38634199506683, 68.52902541157574, 56.39652957035508)"
031A09.JPG,44.75,9,,103.02097156702425,81.24735661509747,65.35691903322746,10.929173848767894,233602,"(103.02097156702425, 81.24735661509747, 65.35691903322746)"
031A11.JPG,55.0,11,,81.11447951273533,62.589661953034046,60.30760357213846,11.279259929233255,281736,"(81.11447951273533, 62.589661953034046, 60.30760357213846)"
031A12.JPG,46.47,12,,84.62044828325827,69.04405698823608,63.30119289214473,9.796144496819004,242436,"(84.62044828325827, 69.04405698823608, 63.30119289214473)"
031A14.JPG,45.92,14,,123.5853396983534,108.25357599972325,103.09421699875466,9.787664564691934,231264,"(123.5853396983534, 108.25357599972325, 103.09421699875466)"
031A15.JPG,45.73,15,,90.87706078496836,75.24854091564147,67.16337518647964,9.410763865776275,236621,"(90.87706078496836, 75.24854091564147, 67.16337518647964)"
031A16.JPG,46.15,16,,82.01216177709875,50.34796262951444,40.153750083362134,58.8561745562258,164943,"(82.01216177709875, 50.34796262951444, 40.153750083362134)"
031A19.JPG,67.98,19,,165.6555428151097,120.67552247847345,85.60835208342348,276.9069035050027,184888,"(165.6555428151097, 120.67552247847345, 85.60835208342348)"
032A06.JPG,31.45,6,,81.17270318653777,81.17270318653777,81.17270318653777,30.31608702775814,139650,"(81.17270318653777, 81.17270318653777, 81.17270318653777)"
032A08.JPG,32.2,8,,69.29575594064542,69.29575594064542,69.29575594064542,27.75913017997488,144555,"(69.29575594064542, 69.29575594064542, 69.29575594064542)"
032A10.JPG,38.94,10,,85.62663439955107,85.62663439955107,85.62663439955107,99.77259130127027,142560,"(85.62663439955107, 85.62663439955107, 85.62663439955107)"
032A13.JPG,46.28,13,,76.05730418182335,76.05730418182335,76.05730418182335,31.05442072789122,210578,"(76.05730418182335, 76.05730418182335, 76.05730418182335)"
032A15.JPG,36.96,15,,84.79129572958686,84.79129572958686,84.79129572958686,24.705269531657635,172536,"(84.79129572958686, 84.79129572958686, 84.79129572958686)"
032A18.JPG,39.69,18,,80.08807199496788,80.08807199496788,80.08807199496788,16.34271195455098,201903,"(80.08807199496788, 80.08807199496788, 80.08807199496788)"
032A20.JPG,53.49,20,,99.4751177544939,54.357920792079206,35.58372104200711,40.49217392998266,208060,"(99.4751177544939, 54.357920792079206, 35.58372104200711)"
032A24.JPG,50.04,24,,84.47617399730076,62.62444939909729,71.18004340539552,43.35571658619638,202279,"(84.47617399730076, 62.62444939909729, 71.18004340539552)"
032A28.JPG,31.74,28,,76.79929762620192,62.61921574519231,51.37034880809295,11.329808615024518,159744,"(76.79929762620192, 62.61921574519231, 51.37034880809295)"
032A33.JPG,78.74,33,,95.40442646544011,85.05239410323233,86.08849430160643,82.31921985991609,257090,"(95.40442646544011, 85.05239410323233, 86.08849430160643)"
032A35.JPG,38.01,35,,68.31750419645267,58.3230212111608,47.17344555176016,27.893103683685926,170382,"(68.31750419645267, 58.3230212111608, 47.17344555176016)"
032A40.JPG,60.83,40,,81.53265020191752,53.13691473677463,44.765404796571524,54.334138847806585,218406,"(81.53265020191752, 53.13691473677463, 44.765404796571524)"
033A02.JPG,34.87,2,,100.45100714177941,100.45100714177941,100.45100714177941,35.71473706098541,159064,"(100.45100714177941, 100.45100714177941, 100.45100714177941)"
033A05.JPG,29.2,5,,120.68590517694004,120.68590517694004,120.68590517694004,12.501335042603746,152368,"(120.68590517694004, 120.68590517694004, 120.68590517694004)"
033A10.JPG,60.03,10,,75.6619539409235,75.6619539409235,75.6619539409235,51.53622109512002,240908,"(75.6619539409235, 75.6619539409235, 75.6619539409235)"
033A14.JPG,41.59,14,,168.5403924883563,89.1324026652081,68.6283667313079,7.310873732615928,241332,"(168.5403924883563, 89.1324026652081, 68.6283667313079)"
033A18.JPG,38.69,18,,149.47066510538642,78.30930679156909,56.578337236533955,10.024139847672187,213500,"(149.47066510538642, 78.30930679156909, 56.578337236533955)"
033A21.JPG,44.03,21,,142.82965068573438,76.81770601336304,63.38759817137499,30.811070621533645,170620,"(142.82965068573438, 76.81770601336304, 63.38759817137499)"
033A25.JPG,46.7,25,,101.16856103659923,72.9495813442449,55.61880067439569,18.9517569548863,211152,"(101.16856103659923, 72.9495813442449, 55.61880067439569)"
033A30.JPG,38.94,30,,101.56909909909909,88.01623123123123,80.90345345345345,58.35900347914857,133200,"(101.56909909909909, 88.01623123123123, 80.90345345345345)"
033A35.JPG,37.3,35,,92.63207122093024,82.0716351744186,67.80651889534884,44.95423933539876,137600,"(92.63207122093024, 82.0716351744186, 67.80651889534884)"
033A39.JPG,40.67,39,,116.77672580645161,89.33600537634408,85.84579032258064,12.76248983581596,186000,"(116.77672580645161, 89.33600537634408, 85.84579032258064)"
033A44.JPG,44.43,44,,97.65603503121396,81.00016402242633,80.04900791283947,12.273998195321363,201192,"(97.65603503121396, 81.00016402242633, 80.04900791283947)"
034A02.JPG,45.49,2,,115.23830999287918,115.23830999287918,115.23830999287918,47.82896680658212,181159,"(115.23830999287918, 115.23830999287918, 115.23830999287918)"
034A04.JPG,36.17,4,,140.18714873603764,140.18714873603764,140.18714873603764,17.386304064835812,170100,"(140.18714873603764, 140.18714873603764, 140.18714873603764)"
034A11.JPG,40.05,11,,118.81522752178945,118.81522752178945,118.81522752178945,17.18495320228495,195278,"(118.81522752178945, 118.81522752178945, 118.81522752178945)"
034A13.JPG,45.69,13,,93.37102264900922,93.37102264900922,93.37102264900922,12.09674143950397,254095,"(93.37102264900922, 93.37102264900922, 93.37102264900922)"
034A15.JPG,37.13,15,,75.56670856400407,75.56670856400407,75.56670856400407,103.60009548125993,141616,"(75.56670856400407, 75.56670856400407, 75.56670856400407)"
034A16.JPG,45.09,16,,77.85438738953906,77.85438738953906,77.85438738953906,27.345242026245106,209350,"(77.85438738953906, 77.85438738953906, 77.85438738953906)"
034A18.JPG,48.9,18,,84.05800921738381,84.05800921738381,84.05800921738381,25.128480570906632,232170,"(84.05800921738381, 84.05800921738381, 84.05800921738381)"
034A21.JPG,63.08,21,,140.54616571699907,73.49889601139601,61.29810857866414,23.40802340650148,252720,"(140.54616571699907, 73.49889601139601, 61.29810857866414)"
034A25.JPG,46.54,25,,78.15897929265164,50.61880612057907,38.62298882169691,18.37741506932395,218280,"(78.15897929265164, 50.61880612057907, 38.62298882169691)"
034A30.JPG,37.54,30,,111.4066091954023,97.35408045977012,80.26181034482758,70.15902622855262,139200,"(111.4066091954023, 97.35408045977012, 80.26181034482758)"
034A35.JPG,40.56,35,,58.30391719902937,41.76626113559705,35.391252194104666,24.28885638876516,181737,"(58.30391719902937, 41.76626113559705, 35.391252194104666)"
034A39.JPG,35.34,39,,76.94467230902778,53.36525065104167,49.12806532118056,10.083147039841885,184320,"(76.94467230902778, 53.36525065104167, 49.12806532118056)"
034A44.JPG,48.9,44,,91.2413282282693,61.07256939696431,50.85742285427777,19.65723923311997,219390,"(91.2413282282693, 61.07256939696431, 50.85742285427777)"
035A00.JPG,53.29,0,,143.70663474692202,93.05601915184678,66.71427724578203,22.81426158177712,219300,"(143.70663474692202, 93.05601915184678, 66.71427724578203)"
035A01.JPG,44.8,1,,144.92717242201942,96.8782310490845,75.46033279656467,26.941772258618865,167670,"(144.92717242201942, 96.8782310490845, 75.46033279656467)"
035A03.JPG,53.68,3,,129.86958159825502,91.11060380725759,75.94215248859805,31.014572601833823,201720,"(129.86958159825502, 91.11060380725759, 75.94215248859805)"
035A05.JPG,34.56,5,,121.74573473102755,98.97047894043061,88.37130123658277,14.440738166447026,159310,"(121.74573473102755, 98.97047894043061, 88.37130123658277)"
035A07.JPG,39.6,7,,122.94778141692986,92.65963855421687,77.80499668577221,9.535968956988576,205176,"(122.94778141692986, 92.65963855421687, 77.80499668577221)"
035A08.JPG,55.79,8,,149.10864150075935,115.28377028855249,96.15520860419282,15.597359627027624,265359,"(149.10864150075935, 115.28377028855249, 96.15520860419282)"
035A09.JPG,32.41,9,,101.8093906093906,91.91336163836164,94.10990884115884,11.410137047187852,160160,"(101.8093906093906, 91.91336163836164, 94.10990884115884)"
035A12.JPG,52.4,12,,92.70689795918368,82.2363492063492,71.17972789115646,25.59220140762109,220500,"(92.70689795918368, 82.2363492063492, 71.17972789115646)"
035A14.JPG,42.87,14,,87.78051164203546,71.31949232008664,50.09880211841462,9.191956232851771,227151,"(87.78051164203546, 71.31949232008664, 50.09880211841462)"
035A16.JPG,60.26,16,,90.54650028686173,71.597776821572,69.06922451711608,52.29564254010824,209160,"(90.54650028686173, 71.597776821572, 69.06922451711608)"
035A18.JPG,43.4,18,,164.8560319289006,132.06372922152732,115.20347987985517,15.317673090456019,194432,"(164.8560319289006, 132.06372922152732, 115.20347987985517)"
035A21.JPG,60.41,21,,101.02278453785645,78.22251797566372,73.4757597406588,23.43987628989676,260352,"(101.02278453785645, 78.22251797566372, 73.4757597406588)"
035A23a.JPG,47.62,23,,104.0546424062049,83.48600965007215,76.36032196969697,42.7783561052614,177408,"(104.0546424062049, 83.48600965007215, 76.36032196969697)"
035A23b.JPG,48.37,23,,96.05197709787082,62.920241683526704,57.945531745048655,211.15166222615701,145314,"(96.05197709787082, 62.920241683526704, 57.945531745048655)"
036A00.JPG,65.02,0,,93.57997121925692,77.06270713413569,77.62664835164834,40.41896087740914,229320,"(93.57997121925692, 77.06270713413569, 77.62664835164834)"
036A01.JPG,54.45,1,,100.35699262815747,72.86990291262136,68.42268488028722,20.53303619870877,235355,"(100.35699262815747, 72.86990291262136, 68.42268488028722)"
036A03.JPG,55.04,3,,91.75548770675401,65.10846674756331,56.439812458953654,19.615331513556377,229923,"(91.75548770675401, 65.10846674756331, 56.439812458953654)"
036A05.JPG,49.28,5,,119.30428204145508,81.8294808533742,69.87811392162499,11.192601881486956,250488,"(119.30428204145508, 81.8294808533742, 69.87811392162499)"
036A06.JPG,35.76,6,,88.23642399952145,82.01295088831729,87.40499491535563,13.52977052135595,167170,"(88.23642399952145, 82.01295088831729, 87.40499491535563)"
036A08.JPG,50.44,8,,104.12682342821941,81.90657073448561,67.99508909371986,60.99976488862949,172066,"(104.12682342821941, 81.90657073448561, 67.99508909371986)"
036A11.JPG,42.57,11,,77.44245890275302,61.4345513963161,41.79995543672014,12.496125324734026,201960,"(77.44245890275302, 61.4345513963161, 41.79995543672014)"
036A13.JPG,52.04,13,,86.35477715376133,71.40334569304866,67.81586690357707,52.40202921472303,175031,"(86.35477715376133, 71.40334569304866, 67.81586690357707)"
036A15.JPG,39.49,15,,129.8197011427605,95.39465705104973,77.49313256505037,16.83509441232962,165564,"(129.8197011427605, 95.39465705104973, 77.49313256505037)"
036A17.JPG,52.4,17,,145.420348647768,105.74158249158249,91.73080265015749,67.5692251863129,184140,"(145.420348647768, 105.74158249158249, 91.73080265015749)"
036A18.JPG,39.81,18,,153.21121735074627,153.21121735074627,153.21121735074627,18.71564672321839,214400,"(153.21121735074627, 153.21121735074627, 153.21121735074627)"
036A19.JPG,47.43,19,,119.18608325142671,105.87681073654201,104.98906482372496,19.591742922065958,194327,"(119.18608325142671, 105.87681073654201, 104.98906482372496)"
036A20.JPG,54.54,20,,86.71450526932084,55.99473067915691,50.57993133915265,269.55610263814117,150304,"(86.71450526932084, 55.99473067915691, 50.57993133915265)"
037A00.JPG,52.33,0,,117.32657568968249,92.44214814311901,77.46978523095028,26.35690947702861,220935,"(117.32657568968249, 92.44214814311901, 77.46978523095028)"
037A01.JPG,43.51,1,,127.28452685421995,108.32911754309359,95.78117917368432,16.01697830696172,192372,"(127.28452685421995, 108.32911754309359, 95.78117917368432)"
037A02.JPG,47.39,2,,107.10775282118055,69.25016276041667,59.969151475694446,52.5251618679626,184320,"(107.10775282118055, 69.25016276041667, 59.969151475694446)"
037A04.JPG,31.99,4,,70.52036306235202,62.18558274138385,67.44725072349382,12.192216962828294,152040,"(70.52036306235202, 62.18558274138385, 67.44725072349382)"
037A06.JPG,46.56,6,,95.98762863491073,89.98518749512748,78.27102985889141,21.83801342011818,205232,"(95.98762863491073, 89.98518749512748, 78.27102985889141)"
037A08.JPG,34.42,8,,74.40638352638352,58.874697554697555,46.551718146718144,18.02099033109226,155400,"(74.40638352638352, 58.874697554697555, 46.551718146718144)"
037A09.JPG,41.94,9,,67.50862655370724,53.76537732154268,35.116638839074064,13.40353935505078,194052,"(67.50862655370724, 53.76537732154268, 35.116638839074064)"
037A11.JPG,47.18,11,,106.4547449154806,79.28077740044009,81.08859592220908,89.04281893550662,157242,"(106.4547449154806, 79.28077740044009, 81.08859592220908)"
037A13.JPG,34.99,13,,143.88781754993622,119.26884821961409,104.81794193706924,10.917335616762788,170918,"(143.88781754993622, 119.26884821961409, 104.81794193706924)"
037A17.JPG,50.07,17,,90.78182394723491,67.97472095383054,64.37690892947742,128.85845165942587,157680,"(90.78182394723491, 67.97472095383054, 64.37690892947742)"
037A18.JPG,63.23,18,,81.93027148054857,58.99818639798489,53.65129023229779,220.97023503455767,178650,"(81.93027148054857, 58.99818639798489, 53.65129023229779)"
037A19.JPG,54.88,19,,94.28972812234494,68.80494477485131,59.309286321155476,17.46062698429798,235400,"(94.28972812234494, 68.80494477485131, 59.309286321155476)"
038A00.JPG,68.63,0,,104.79149706826372,104.79149706826372,104.79149706826372,121.30912508969517,223076,"(104.79149706826372, 104.79149706826372, 104.79149706826372)"
038A01.JPG,55.47,1,,90.26357597786169,90.26357597786169,90.26357597786169,55.66275841713515,212121,"(90.26357597786169, 90.26357597786169, 90.26357597786169)"
038A03.JPG,37.86,3,,100.5223492271575,100.5223492271575,100.5223492271575,95.65080612680386,149513,"(100.5223492271575, 100.5223492271575, 100.5223492271575)"
038A04.JPG,34.62,4,,120.71034574942078,120.71034574942078,120.71034574942078,32.093813782618355,157108,"(120.71034574942078, 120.71034574942078, 120.71034574942078)"
038A05.JPG,42.44,5,,85.42011845340087,85.42011845340087,85.42011845340087,31.58911465016753,214768,"(85.42011845340087, 85.42011845340087, 85.42011845340087)"
038A08.JPG,39.83,8,,86.12906857372407,86.12906857372407,86.12906857372407,16.47943676260186,201637,"(86.12906857372407, 86.12906857372407, 86.12906857372407)"
038A10.JPG,43.33,10,,130.34586657801418,130.34586657801418,130.34586657801418,47.23499991671025,180480,"(130.34586657801418, 130.34586657801418, 130.34586657801418)"
038A11.JPG,45.4,11,,78.71204703433189,78.71204703433189,78.71204703433189,15.911728425887171,226728,"(78.71204703433189, 78.71204703433189, 78.71204703433189)"
038A13.JPG,47.66,13,,88.57346141083487,88.57346141083487,88.57346141083487,22.447008781269606,232047,"(88.57346141083487, 88.57346141083487, 88.57346141083487)"
038A14.JPG,58.49,14,,103.46402459350345,64.03276788029186,43.97459905922442,14.614713555435983,269990,"(103.46402459350345, 64.03276788029186, 43.97459905922442)"
038A17.JPG,38.81,17,,98.58011179578365,59.38328377121719,46.79703036062826,11.511451667974846,195714,"(98.58011179578365, 59.38328377121719, 46.79703036062826)"
038A21.JPG,52.07,21,,99.37987771983455,73.42266578752822,61.17864992307538,34.93759008367448,200196,"(99.37987771983455, 73.42266578752822, 61.17864992307538)"
038A23.JPG,48.32,23,,110.10829421905987,83.8521829252494,82.85595483671659,29.275941656101324,200694,"(110.10829421905987, 83.8521829252494, 82.85595483671659)"
038A34.JPG,51.53,34,,90.39161405212886,68.62755382871944,69.0537153958232,13.356044264396122,247080,"(90.39161405212886, 68.62755382871944, 69.0537153958232)"
039A02.JPG,56.94,2,,77.82877923508921,77.82877923508921,77.82877923508921,60.7575097145939,225072,"(77.82877923508921, 77.82877923508921, 77.82877923508921)"
039A05.JPG,36.0,5,,110.17450368274719,110.17450368274719,110.17450368274719,8.36513743602614,205010,"(110.17450368274719, 110.17450368274719, 110.17450368274719)"
039A07.JPG,31.72,7,,80.63774897723863,80.63774897723863,80.63774897723863,3.6127652304311972,253236,"(80.63774897723863, 80.63774897723863, 80.63774897723863)"
039A10.JPG,35.55,10,,85.07598166927198,85.07598166927198,85.07598166927198,57.137046487603435,149694,"(85.07598166927198, 85.07598166927198, 85.07598166927198)"
039A11.JPG,33.1,11,,79.42706356934205,79.42706356934205,79.42706356934205,15.048942802380747,179725,"(79.42706356934205, 79.42706356934205, 79.42706356934205)"
039A13.JPG,35.03,13,,86.90575109649122,86.90575109649122,86.90575109649122,18.387256023007083,182400,"(86.90575109649122, 86.90575109649122, 86.90575109649122)"
039A15.JPG,45.54,15,,72.3641168971266,72.3641168971266,72.3641168971266,27.484494915305294,203940,"(72.3641168971266, 72.3641168971266, 72.3641168971266)"
039A16.JPG,47.99,16,,83.34266190058456,83.34266190058456,83.34266190058456,15.027807757691864,243946,"(83.34266190058456, 83.34266190058456, 83.34266190058456)"
039A17.JPG,34.46,17,,135.87600039521786,135.87600039521786,135.87600039521786,39.24160545622059,131573,"(135.87600039521786, 135.87600039521786, 135.87600039521786)"
039A19.JPG,30.7,19,,66.29954545454545,66.29954545454545,66.29954545454545,7.711997273934088,189200,"(66.29954545454545, 66.29954545454545, 66.29954545454545)"
039A35.JPG,61.35,35,,115.60997214932021,78.71069947890913,73.60331165291038,41.13283652785552,236619,"(115.60997214932021, 78.71069947890913, 73.60331165291038)"
039A45.JPG,39.91,45,,110.48762097570611,91.450829547699,92.4701856606755,12.49320198976557,202520,"(110.48762097570611, 91.450829547699, 92.4701856606755)"
039A50.JPG,50.09,50,,118.49525887217474,104.3460744273357,93.06698967555364,29.67386894746391,197105,"(118.49525887217474, 104.3460744273357, 93.06698967555364)"
039A52.JPG,67.33,52,,96.18107520786091,79.73056209663352,71.67812445491016,28.148982989963688,275184,"(96.18107520786091, 79.73056209663352, 71.67812445491016)"
040A00.JPG,42.84,0,,106.55536489051589,77.02542200528778,73.08274862721171,8.37350533216235,236016,"(106.55536489051589, 77.02542200528778, 73.08274862721171)"
040A02.JPG,35.65,2,,94.50922875816993,70.05547131445171,82.51374872912128,15.684885591472359,172125,"(94.50922875816993, 70.05547131445171, 82.51374872912128)"
040A03a.JPG,64.45,3,,126.22332073905638,95.7651714925515,90.26949879388904,57.695152093975594,231322,"(126.22332073905638, 95.7651714925515, 90.26949879388904)"
040A03b.JPG,45.02,3,,130.19267987249543,96.33745446265938,71.69709699453551,29.23079283218147,175680,"(130.19267987249543, 96.33745446265938, 71.69709699453551)"
040A05.JPG,47.74,5,,90.3058206479313,70.73203551912569,62.0673399687744,24.73708821347675,204960,"(90.3058206479313, 70.73203551912569, 62.0673399687744)"
040A06.JPG,42.57,6,,57.17434121816851,39.970239241823016,31.672564240859884,15.630287719829104,207656,"(57.17434121816851, 39.970239241823016, 31.672564240859884)"
040A07.JPG,44.51,7,,93.91201284484016,89.62036685641999,88.39768403639371,17.266692387077974,205530,"(93.91201284484016, 89.62036685641999, 88.39768403639371)"
040A09.JPG,42.65,9,,81.96209533198827,68.87144625825385,67.55027398202495,34.10524964185068,174464,"(81.96209533198827, 68.87144625825385, 67.55027398202495)"
040A10.JPG,35.34,10,,70.56695014903333,59.33230331701714,54.84854931772813,9.788097015922782,182845,"(70.56695014903333, 59.33230331701714, 54.84854931772813)"
040A12.JPG,44.13,12,,121.65043276354305,97.21277239709443,89.52798959199161,13.343174337644495,221368,"(121.65043276354305, 97.21277239709443, 89.52798959199161)"
040A14.JPG,35.63,14,,142.3563736149943,116.04059878844362,102.11248317282801,17.70773705365846,154512,"(142.3563736149943, 116.04059878844362, 102.11248317282801)"
040A16.JPG,52.2,16,,97.97813004032258,81.89609375,71.32719758064516,45.267867188626276,198400,"(97.97813004032258, 81.89609375, 71.32719758064516)"
040A19.JPG,50.85,19,,103.31178845505144,83.15578090740428,80.78418578175071,39.614155728327006,189728,"(103.31178845505144, 83.15578090740428, 80.78418578175071)"
040A21.JPG,56.6,21,,132.2098203285421,98.93404517453799,76.43058008213552,107.29009220672634,194800,"(132.2098203285421, 98.93404517453799, 76.43058008213552)"
041A00.JPG,50.19,0,,151.75824880038763,86.1264477406649,77.36281045343003,13.710778922493454,255916,"(151.75824880038763, 86.1264477406649, 77.36281045343003)"
041A02.JPG,57.15,2,,99.43223193869893,70.1243258103367,62.81041961215549,58.452464099946084,229164,"(99.43223193869893, 70.1243258103367, 62.81041961215549)"
041A04.JPG,62.47,4,,115.40214790428777,77.84892404046893,70.27650554038863,35.55201626576384,249080,"(115.40214790428777, 77.84892404046893, 70.27650554038863)"
041A06.JPG,45.11,6,,100.82167674762213,78.0152253208976,70.14361321451658,35.12482808977372,173264,"(100.82167674762213, 78.0152253208976, 70.14361321451658)"
041A09.JPG,44.2,9,,113.47225978128009,77.52124460501693,60.156716821530175,25.371757432120095,184894,"(113.47225978128009, 77.52124460501693, 60.156716821530175)"
041A13.JPG,44.06,13,,91.00775765098328,74.25842189984873,56.860144098367016,14.96575348908205,206248,"(91.00775765098328, 74.25842189984873, 56.860144098367016)"
041A19.JPG,56.69,19,,91.07844660353784,63.20018741369106,54.49612842769777,19.00023345675594,243312,"(91.07844660353784, 63.20018741369106, 54.49612842769777)"
041A20.JPG,35.93,20,,123.09170670333525,98.54691666620275,83.47034131839868,11.766872967555999,179627,"(123.09170670333525, 98.54691666620275, 83.47034131839868)"
041A21.JPG,40.02,21,,79.17624594640724,60.34380867042157,54.87073839392388,13.872939932023835,187488,"(79.17624594640724, 60.34380867042157, 54.87073839392388)"
041A24.JPG,51.66,24,,162.96132605144956,119.40943752552062,94.95705900367497,51.5334079913062,195920,"(162.96132605144956, 119.40943752552062, 94.95705900367497)"
042A00.JPG,48.56,0,,101.34595332198911,101.34595332198911,101.34595332198911,51.53607557696858,183941,"(101.34595332198911, 101.34595332198911, 101.34595332198911)"
042A01.JPG,40.75,1,,87.79720720196912,87.79720720196912,87.79720720196912,14.240882653386793,206388,"(87.79720720196912, 87.79720720196912, 87.79720720196912)"
042A04.JPG,45.68,4,,133.4472751075045,133.4472751075045,133.4472751075045,24.679374200873465,230688,"(133.4472751075045, 133.4472751075045, 133.4472751075045)"
042A05.JPG,37.25,5,,105.01164298581953,105.01164298581953,105.01164298581953,146.5098659957672,142661,"(105.01164298581953, 105.01164298581953, 105.01164298581953)"
042A06.JPG,36.4,6,,106.90771766276049,78.73390089279395,93.67132442898598,9.637273242212517,197806,"(106.90771766276049, 78.73390089279395, 93.67132442898598)"
042A08.JPG,62.54,8,,110.99627295744843,74.4220297029703,66.25289093794876,80.4430244668927,211696,"(110.99627295744843, 74.4220297029703, 66.25289093794876)"
042A10.JPG,39.96,10,,104.0754961258697,90.8573687539532,81.49512274667931,11.80756669582116,202368,"(104.0754961258697, 90.8573687539532, 81.49512274667931)"
042A12.JPG,32.96,12,,128.7678024952919,104.65170668549905,83.93379825800376,11.216952666560166,169920,"(128.7678024952919, 104.65170668549905, 83.93379825800376)"
042A14.JPG,37.57,14,,93.76116071428571,74.40804811507937,71.94486156204906,10.767811691397194,177408,"(93.76116071428571, 74.40804811507937, 71.94486156204906)"
042A18.JPG,31.98,18,,98.55344662571225,83.95548433048434,62.95937388710826,10.317890448196408,179712,"(98.55344662571225, 83.95548433048434, 62.95937388710826)"
042A20.JPG,37.57,20,,79.93765469945727,61.33432681608647,47.01235892544905,17.392164747363918,176148,"(79.93765469945727, 61.33432681608647, 47.01235892544905)"
042A24.JPG,45.3,24,,102.31836796789554,64.86649178063041,69.4237230989367,9.514263540721597,243206,"(102.31836796789554, 64.86649178063041, 69.4237230989367)"
042A28.JPG,68.36,28,,102.99600703164239,72.90116775489703,62.73961158546794,52.65928374921731,238920,"(102.99600703164239, 72.90116775489703, 62.73961158546794)"
043A00.JPG,41.83,0,,117.05092405448492,117.05092405448492,117.05092405448492,11.08075231140107,220171,"(117.05092405448492, 117.05092405448492, 117.05092405448492)"
043A03.JPG,48.89,3,,88.86222613065327,88.86222613065327,88.86222613065327,60.75401039062146,199000,"(88.86222613065327, 88.86222613065327, 88.86222613065327)"
043A04.JPG,49.5,4,,96.31016473459427,96.31016473459427,96.31016473459427,22.11990096209649,245850,"(96.31016473459427, 96.31016473459427, 96.31016473459427)"
043A05.JPG,41.28,5,,93.02986832091213,68.73515319480941,80.8618494426016,12.888406015681138,208917,"(93.02986832091213, 68.73515319480941, 80.8618494426016)"
043A10.JPG,45.27,10,,66.52275019563517,58.513898791409446,44.6061864185723,9.014620512339727,230020,"(66.52275019563517, 58.513898791409446, 44.6061864185723)"
043A13.JPG,34.95,13,,75.08272584355596,60.311146046409995,56.7019769467493,10.73857930634993,164749,"(75.08272584355596, 60.311146046409995, 56.7019769467493)"
043A15.JPG,36.43,15,,87.07054031803804,60.73852311625287,50.2805310022098,11.970193768567691,184632,"(87.07054031803804, 60.73852311625287, 50.2805310022098)"
043A17.JPG,40.87,17,,113.34716885743175,96.55642483990563,73.61650657229525,9.067387595420499,237360,"(113.34716885743175, 96.55642483990563, 73.61650657229525)"
043A19.JPG,44.81,19,,77.31033374977692,63.08641799036231,50.277422809209355,16.287996218911953,224120,"(77.31033374977692, 63.08641799036231, 50.277422809209355)"
043A23.JPG,51.31,23,,93.10315454738182,59.38957388170448,61.27768496926013,16.458586671742705,235850,"(93.10315454738182, 59.38957388170448, 61.27768496926013)"
043A27.JPG,61.89,27,,84.16082575896216,62.265285996055226,54.46367351918502,114.19737659418632,196716,"(84.16082575896216, 62.265285996055226, 54.46367351918502)"
044A01.JPG,35.64,1,,150.37102269714165,150.37102269714165,150.37102269714165,69.1010779209541,150856,"(150.37102269714165, 150.37102269714165, 150.37102269714165)"
044A03.JPG,36.6,3,,105.02194244989246,80.65780800222582,93.94495928260335,11.930673247809956,186898,"(105.02194244989246, 80.65780800222582, 93.94495928260335)"
044A05.JPG,40.74,5,,111.0010691871647,71.93625366939973,65.40639867395485,32.7032817245938,158064,"(111.0010691871647, 71.93625366939973, 65.40639867395485)"
044A07.JPG,45.49,7,,83.48173613342291,53.001337734030436,47.289797587405445,43.15001433864163,171185,"(83.48173613342291, 53.001337734030436, 47.289797587405445)"
044A13.JPG,44.31,13,,82.18125925616904,63.27624058738866,50.446288145845934,15.142628372081932,191764,"(82.18125925616904, 63.27624058738866, 50.446288145845934)"
044A15.JPG,42.51,15,,99.90895291943025,81.6058540828531,63.59376753289116,10.120910024166,229925,"(99.90895291943025, 81.6058540828531, 63.59376753289116)"
044A17.JPG,43.7,17,,83.57509914737693,70.60459050137077,52.49614944415364,14.269535709628965,225422,"(83.57509914737693, 70.60459050137077, 52.49614944415364)"
044A18.JPG,39.18,18,,85.86008121468926,59.729884651600756,67.93731756120528,26.839899349409976,169920,"(85.86008121468926, 59.729884651600756, 67.93731756120528)"
044A21.JPG,51.6,21,,95.05892089906374,62.197571982813905,63.83708477619597,12.728935231081252,249504,"(95.05892089906374, 62.197571982813905, 63.83708477619597)"
044A25.JPG,72.95,25,,99.33098696959031,72.17147064415775,64.12392846017856,81.0706303594817,247191,"(99.33098696959031, 72.17147064415775, 64.12392846017856)"
045A03.JPG,39.85,3,,104.7795649509804,104.7795649509804,104.7795649509804,108.06119381899683,137088,"(104.7795649509804, 104.7795649509804, 104.7795649509804)"
045A06.JPG,34.72,6,,125.55975896531453,125.55975896531453,125.55975896531453,75.43336412749002,136080,"(125.55975896531453, 125.55975896531453, 125.55975896531453)"
045A08.JPG,38.64,8,,112.01993366791162,112.01993366791162,112.01993366791162,13.643196578262712,205632,"(112.01993366791162, 112.01993366791162, 112.01993366791162)"
045A12.JPG,53.81,12,,106.64056299603175,106.64056299603175,106.64056299603175,72.37692026228169,193536,"(106.64056299603175, 106.64056299603175, 106.64056299603175)"
045A17.JPG,29.77,17,,87.89416287348273,87.89416287348273,87.89416287348273,24.09041590471122,137088,"(87.89416287348273, 87.89416287348273, 87.89416287348273)"
045A18.JPG,43.0,18,,98.97690263605442,98.97690263605442,98.97690263605442,48.0523387550821,188160,"(98.97690263605442, 98.97690263605442, 98.97690263605442)"
045A19.JPG,15.22,19,,146.31307968017646,146.31307968017646,146.31307968017646,19.62288823773602,181350,"(146.31307968017646, 146.31307968017646, 146.31307968017646)"
045A25.JPG,41.04,25,,129.16032480930176,99.70086235984579,88.04247633903631,16.257489565165166,180783,"(129.16032480930176, 99.70086235984579, 88.04247633903631)"
045A28.JPG,43.26,28,,111.87081423354829,87.80295334472846,51.56890975837154,14.84281755750773,205936,"(111.87081423354829, 87.80295334472846, 51.56890975837154)"
045A32.JPG,43.72,32,,133.90366667393533,98.69124926404851,81.87682352428095,24.657723811350092,183436,"(133.90366667393533, 98.69124926404851, 81.87682352428095)"
045A40.JPG,42.55,40,,114.1205324032313,76.99609116603524,68.70359011365686,13.87713613815894,199548,"(114.1205324032313, 76.99609116603524, 68.70359011365686)"
045A43.JPG,43.42,43,,144.9005192441518,115.72376211123601,126.44515818211016,18.749820329758954,186810,"(144.9005192441518, 115.72376211123601, 126.44515818211016)"
045A48.JPG,50.37,48,,141.40718600341734,107.919890260631,97.0813852188771,21.26067681612633,207765,"(141.40718600341734, 107.919890260631, 97.0813852188771)"
046A00.JPG,51.61,0,,91.91007178910033,62.919795716526835,59.168926062342265,26.295074814181184,234576,"(91.91007178910033, 62.919795716526835, 59.168926062342265)"
046A01.JPG,34.5,1,,141.7517734539282,85.8168465455651,66.1786564819741,12.80978677870812,157884,"(141.7517734539282, 85.8168465455651, 66.1786564819741)"
046A02.JPG,52.65,2,,99.87895069532237,79.70546347021273,97.93714785160213,13.704107263962424,256284,"(99.87895069532237, 79.70546347021273, 97.93714785160213)"
046A04.JPG,44.37,4,,141.4108056526597,118.01240535343508,111.80473676386671,14.246620267997912,208539,"(141.4108056526597, 118.01240535343508, 111.80473676386671)"
046A06.JPG,47.68,6,,74.17626556269215,72.32218704656377,61.131279616044154,45.30658783745928,197106,"(74.17626556269215, 72.32218704656377, 61.131279616044154)"
046A08.JPG,49.22,8,,115.16685606060607,89.09984743265994,76.18616898148149,57.72393020577813,190080,"(115.16685606060607, 89.09984743265994, 76.18616898148149)"
046A10.JPG,61.23,10,,99.83221479312924,67.33918705026959,57.01713099657965,43.56876124029351,239449,"(99.83221479312924, 67.33918705026959, 57.01713099657965)"
046A12.JPG,47.43,12,,99.29395648997483,84.55277416998133,70.8938225505317,25.073134597720166,197104,"(99.29395648997483, 84.55277416998133, 70.8938225505317)"
046A14.JPG,42.28,14,,140.9113644894895,117.15357545045045,99.79335585585585,56.649728929737506,149184,"(140.9113644894895, 117.15357545045045, 99.79335585585585)"
046A16.JPG,49.18,16,,91.79654864091559,66.34638769670958,52.527283023366714,76.61041563679886,167760,"(91.79654864091559, 66.34638769670958, 52.527283023366714)"
046A17.JPG,55.44,17,,111.97269690528117,91.19200968077372,85.61477054173683,34.42182328138876,217338,"(111.97269690528117, 91.19200968077372, 85.61477054173683)"
046A18.JPG,35.67,18,,95.845071300359,77.3634199242122,76.45182239728759,16.808771839838002,160448,"(95.845071300359, 77.3634199242122, 76.45182239728759)"
046A20.JPG,59.38,20,,101.28946687807127,76.46677124447594,71.33665620888574,129.6794431865824,177858,"(101.28946687807127, 76.46677124447594, 71.33665620888574)"
047A05.JPG,60.2,5,,95.70944697323374,95.70944697323374,95.70944697323374,209.75847118380153,205632,"(95.70944697323374, 95.70944697323374, 95.70944697323374)"
047A06.JPG,41.34,6,,99.15577057263805,99.15577057263805,99.15577057263805,10.668518889259156,214970,"(99.15577057263805, 99.15577057263805, 99.15577057263805)"
047A09.JPG,35.75,9,,116.97862745098038,116.97862745098038,116.97862745098038,7.411907607400258,214200,"(116.97862745098038, 116.97862745098038, 116.97862745098038)"
047A11.JPG,43.89,11,,123.43780493219344,123.43780493219344,123.43780493219344,20.650499329292746,202709,"(123.43780493219344, 123.43780493219344, 123.43780493219344)"
047A12.JPG,44.09,12,,126.59870438986088,126.59870438986088,126.59870438986088,23.274335643076515,203765,"(126.59870438986088, 126.59870438986088, 126.59870438986088)"
047A13.JPG,59.72,13,,90.00506929679503,90.00506929679503,90.00506929679503,143.75767456311982,203184,"(90.00506929679503, 90.00506929679503, 90.00506929679503)"
047A15.JPG,38.3,15,,116.72070713289008,116.72070713289008,116.72070713289008,16.978610335518873,194928,"(116.72070713289008, 116.72070713289008, 116.72070713289008)"
047A18.JPG,38.79,18,,125.23863379963899,125.23863379963899,125.23863379963899,7.557994971724215,248192,"(125.23863379963899, 125.23863379963899, 125.23863379963899)"
047A20.JPG,38.28,20,,124.65134105253865,124.65134105253865,124.65134105253865,16.38374572719281,203907,"(124.65134105253865, 124.65134105253865, 124.65134105253865)"
047A23.JPG,53.17,23,,115.36224082359168,115.36224082359168,115.36224082359168,38.75102588117874,207870,"(115.36224082359168, 115.36224082359168, 115.36224082359168)"
047A27.JPG,40.9,27,,137.28461777302903,137.28461777302903,137.28461777302903,13.567213336730495,219006,"(137.28461777302903, 137.28461777302903, 137.28461777302903)"
047A33.JPG,44.86,33,,107.2106193926846,72.23862721417069,61.35321294379265,13.898577306760492,208656,"(107.2106193926846, 72.23862721417069, 61.35321294379265)"
047A45.JPG,84.85,45,,114.08846830255669,77.97216415310338,75.44103910540375,183.70790497866443,241092,"(114.08846830255669, 77.97216415310338, 75.44103910540375)"
047A55.JPG,53.37,55,,94.5666481870526,73.0098865935263,66.82217748210395,42.779877575179036,205632,"(94.5666481870526, 73.0098865935263, 66.82217748210395)"
048A00.JPG,39.01,0,,106.19225823045268,106.19225823045268,106.19225823045268,12.339525718405993,217728,"(106.19225823045268, 106.19225823045268, 106.19225823045268)"
048A09.JPG,35.84,9,,135.05019867745318,135.05019867745318,135.05019867745318,11.360963887416887,203093,"(135.05019867745318, 135.05019867745318, 135.05019867745318)"
048A10.JPG,44.44,10,,120.79144620811287,120.79144620811287,120.79144620811287,22.595179537622315,217728,"(120.79144620811287, 120.79144620811287, 120.79144620811287)"
048A11.JPG,33.31,11,,93.38588091361501,93.38588091361501,93.38588091361501,6.637810046313864,217422,"(93.38588091361501, 93.38588091361501, 93.38588091361501)"
048A15.JPG,37.29,15,,154.41444976628773,154.41444976628773,154.41444976628773,13.55721823134852,207948,"(154.41444976628773, 154.41444976628773, 154.41444976628773)"
048A16.JPG,38.14,16,,159.8908512859448,159.8908512859448,159.8908512859448,10.828635290927313,210740,"(159.8908512859448, 159.8908512859448, 159.8908512859448)"
048A17.JPG,36.94,17,,137.12484060906093,137.12484060906093,137.12484060906093,9.537147267480458,213312,"(137.12484060906093, 137.12484060906093, 137.12484060906093)"
048A18.JPG,38.26,18,,116.34785020529661,116.34785020529661,116.34785020529661,15.182931093311582,201903,"(116.34785020529661, 116.34785020529661, 116.34785020529661)"
048A27.JPG,48.01,27,,141.19193240850635,141.19193240850635,141.19193240850635,30.576418130043997,205588,"(141.19193240850635, 141.19193240850635, 141.19193240850635)"
048A30.JPG,53.02,30,,141.25086076097105,118.32848972922503,110.2723019763461,39.94943996646447,205632,"(141.25086076097105, 118.32848972922503, 110.2723019763461)"
048A33.JPG,52.64,33,,137.03514739229024,93.09282391117367,82.41459457346157,31.160695473043216,204624,"(137.03514739229024, 93.09282391117367, 82.41459457346157)"
048A46.JPG,44.3,46,,123.03749957298118,96.28415540557027,75.20802892991523,13.964004740031328,204909,"(123.03749957298118, 96.28415540557027, 75.20802892991523)"
048A49.JPG,44.79,49,,119.86003781165071,95.40958190554964,82.8722429004687,12.11935057372366,203112,"(119.86003781165071, 95.40958190554964, 82.8722429004687)"
048A50.JPG,45.26,50,,157.7503473173404,117.80368743396079,97.36645892850154,12.607915451084788,204424,"(157.7503473173404, 117.80368743396079, 97.36645892850154)"
048A52.JPG,45.42,52,,110.11697530864198,103.65070847362514,105.52470538720539,48.73975837093146,142560,"(110.11697530864198, 103.65070847362514, 105.52470538720539)"
048A54.JPG,39.29,54,,154.15377304837165,135.35919540229884,133.78676514607278,49.02299690168495,133632,"(154.15377304837165, 135.35919540229884, 133.78676514607278)"
049A04.JPG,42.5,4,,99.93330874034724,61.846923417441346,58.908971521322115,14.91899495157696,203310,"(99.93330874034724, 61.846923417441346, 58.908971521322115)"
049A05.JPG,48.67,5,,95.3933956223076,79.28601020685372,67.55518201575659,23.156217774160474,206136,"(95.3933956223076, 79.28601020685372, 67.55518201575659)"
049A06.JPG,41.27,6,,85.01961764705882,57.3233431372549,55.074642156862744,11.921192056578137,204000,"(85.01961764705882, 57.3233431372549, 55.074642156862744)"
049A07.JPG,38.32,7,,92.60735555876269,82.72489055659788,80.25312454899698,8.80445285814698,207870,"(92.60735555876269, 82.72489055659788, 80.25312454899698)"
049A08.JPG,42.38,8,,78.80545033670035,63.46329866121533,55.73131613756614,16.092230747077963,199584,"(78.80545033670035, 63.46329866121533, 55.73131613756614)"
049A10.JPG,44.47,10,,86.29534700703358,62.940917810240514,55.36606167920909,16.42945883258252,203310,"(86.29534700703358, 62.940917810240514, 55.36606167920909)"
049A12.JPG,46.72,12,,114.80994133479223,88.16238197351517,103.5550578592328,15.189384464554745,204721,"(114.80994133479223, 88.16238197351517, 103.5550578592328)"
049A15.JPG,67.46,15,,101.66598654542766,92.39330228432024,88.83913161331657,167.79417610622767,202905,"(101.66598654542766, 92.39330228432024, 88.83913161331657)"
049A16.JPG,44.21,16,,97.2337223472066,88.12430164979378,83.93313179602549,14.194630818785454,213360,"(97.2337223472066, 88.12430164979378, 83.93313179602549)"
049A17.JPG,55.51,17,,113.60255243296545,82.20566427731634,70.66377953502484,60.8825340373002,210936,"(113.60255243296545, 82.20566427731634, 70.66377953502484)"
050A00.JPG,60.65,0,,149.99126713693607,103.71389287422285,89.47490734098517,61.10423581581469,200736,"(149.99126713693607, 103.71389287422285, 89.47490734098517)"
050A03.JPG,50.14,3,,116.99268851819336,77.8802068090918,67.02125646278412,27.500291751110367,205020,"(116.99268851819336, 77.8802068090918, 67.02125646278412)"
050A06.JPG,44.99,6,,88.88328733962722,70.3361994674413,58.01546840958606,17.540668881070356,206550,"(88.88328733962722, 70.3361994674413, 58.01546840958606)"
050A10.JPG,45.6,10,,123.50832226648959,107.88858393586149,78.83976193989474,18.523473463135545,203310,"(123.50832226648959, 107.88858393586149, 78.83976193989474)"
050A14.JPG,65.41,14,,124.36047441364606,83.99860321408829,74.98541025033563,76.44791419662752,202608,"(124.36047441364606, 83.99860321408829, 74.98541025033563)"
050A16.JPG,55.53,16,,104.40697695937818,86.59703895623208,61.8260109188489,30.9613194368888,216140,"(104.40697695937818, 86.59703895623208, 61.8260109188489)"
050A18.JPG,49.0,18,,112.17201186599232,86.48273878308545,79.41148780133967,32.07612863854913,199899,"(112.17201186599232, 86.48273878308545, 79.41148780133967)"
050A22.JPG,55.58,22,,131.42451634132414,101.0231546449621,99.86644826618405,27.72228762196088,206654,"(131.42451634132414, 101.0231546449621, 99.86644826618405)"
051A00.JPG,49.81,0,,184.8426170150411,109.46235949213913,80.59641509969086,22.907885389156647,211554,"(184.8426170150411, 109.46235949213913, 80.59641509969086)"
051A02.JPG,73.08,2,,143.75191309987028,87.79375579025384,68.84244024458032,76.85413548495823,215880,"(143.75191309987028, 87.79375579025384, 68.84244024458032)"
051A05.JPG,45.37,5,,125.86818284254808,73.97056696965144,55.63149789663462,15.561082240382675,212992,"(125.86818284254808, 73.97056696965144, 55.63149789663462)"
051A08.JPG,58.99,8,,109.80994648855558,68.32720588235294,46.90205843293492,83.96172923490141,204816,"(109.80994648855558, 68.32720588235294, 46.90205843293492)"
051A12.JPG,43.78,12,,101.91379174659387,64.25818700506615,51.07410358565737,16.258426111764738,203310,"(101.91379174659387, 64.25818700506615, 51.07410358565737)"
051A14.JPG,48.45,14,,107.14847723907025,91.94275964200631,75.62259104619545,23.958831087589903,201903,"(107.14847723907025, 91.94275964200631, 75.62259104619545)"
051A15.JPG,49.01,15,,113.25660294117647,95.40390196078431,82.00699019607843,25.52368645168258,204000,"(113.25660294117647, 95.40390196078431, 82.00699019607843)"
051A16.JPG,52.74,16,,114.2584064398898,93.03669330415583,68.58014692952463,25.43160595842464,204724,"(114.2584064398898, 93.03669330415583, 68.58014692952463)"
051A17.JPG,50.55,17,,109.7189789156179,82.95020876361421,76.49465337315443,23.103789382454035,201903,"(109.7189789156179, 82.95020876361421, 76.49465337315443)"
051A18.JPG,52.88,18,,134.67629236141852,109.80815011558703,108.96157591854802,45.58012099928714,203310,"(134.67629236141852, 109.80815011558703, 108.96157591854802)"
051A24.JPG,53.53,24,,138.20128157549667,104.30716247309434,99.95112694524852,27.524782193957368,202095,"(138.20128157549667, 104.30716247309434, 99.95112694524852)"
052A02.JPG,43.14,2,,109.27111500000001,71.286455,70.943675,13.718937502197223,200000,"(109.27111500000001, 71.286455, 70.943675)"
052A04.JPG,47.3,4,,107.31613057503574,94.06693215036918,87.91906163223675,21.98516338292845,204909,"(107.31613057503574, 94.06693215036918, 87.91906163223675)"
052A07.JPG,65.68,7,,113.60339983946794,83.53951668386652,78.33605186714061,73.35262675696391,209304,"(113.60339983946794, 83.53951668386652, 78.33605186714061)"
052A10.JPG,53.89,10,,86.71698857877914,77.12777247212911,88.9710425274811,28.88915089504356,205232,"(86.71698857877914, 77.12777247212911, 88.9710425274811)"
052A13.JPG,43.66,13,,92.66431405179715,81.54127972343154,80.63728126872806,19.84699006672453,201903,"(92.66431405179715, 81.54127972343154, 80.63728126872806)"
052A14.JPG,48.16,14,,111.89162647654994,85.3163586256478,77.94300492266524,28.879228179772028,200298,"(111.89162647654994, 85.3163586256478, 77.94300492266524)"
052A16.JPG,44.36,16,,113.27311893085324,90.22629002950313,85.26372091205721,13.997501263554625,204724,"(113.27311893085324, 90.22629002950313, 85.26372091205721)"
052A17.JPG,51.87,17,,135.64361717301384,105.84879475110542,97.41636000570533,19.184429232394614,210330,"(135.64361717301384, 105.84879475110542, 97.41636000570533)"
052A18.JPG,51.96,18,,90.8206555988814,90.8206555988814,90.8206555988814,54.90908715262216,203112,"(90.8206555988814, 90.8206555988814, 90.8206555988814)"
052A19.JPG,47.91,19,,129.64956169529995,97.4191337612022,95.30361405705787,15.879404024832285,204424,"(129.64956169529995, 97.4191337612022, 95.30361405705787)"
052A20.JPG,62.17,20,,104.453183356676,92.39709772798008,98.15012741207595,95.30698600241995,205632,"(104.453183356676, 92.39709772798008, 98.15012741207595)"
053A00.JPG,52.11,0,,137.48908139056874,116.2814817016092,107.82422747556996,23.97499882867696,201903,"(137.48908139056874, 116.2814817016092, 107.82422747556996)"
053A01.JPG,56.22,1,,142.96415040912376,97.31835491241432,91.25238248676939,59.293495195128784,204828,"(142.96415040912376, 97.31835491241432, 91.25238248676939)"
053A02.JPG,48.33,2,,107.31690025604989,80.0059825193,80.63784340527116,20.28884311106386,207772,"(107.31690025604989, 80.0059825193, 80.63784340527116)"
053A03.JPG,41.21,3,,117.857074190799,75.74707141582923,58.86144476819092,11.404486357985613,201804,"(117.857074190799, 75.74707141582923, 58.86144476819092)"
053A04.JPG,46.72,4,,124.15490693489868,97.47674601535844,84.0019468452258,18.226258788927105,203406,"(124.15490693489868, 97.47674601535844, 84.0019468452258)"
053A06.JPG,48.03,6,,124.85084033613445,94.85122451758481,69.94137099284158,17.439242609302234,205632,"(124.85084033613445, 94.85122451758481, 69.94137099284158)"
053A08.JPG,46.53,8,,76.55119751105545,63.60443000821821,62.60717430438696,16.137583943931077,204424,"(76.55119751105545, 63.60443000821821, 62.60717430438696)"
053A10.JPG,44.17,10,,139.5335265116376,99.40258914518601,87.54564879767352,14.456168004710163,191878,"(139.5335265116376, 99.40258914518601, 87.54564879767352)"
053A11.JPG,64.34,11,,129.19222319008904,85.61613917924893,89.07566782810686,99.11181872579851,206640,"(129.19222319008904, 85.61613917924893, 89.07566782810686)"
053A12.JPG,62.76,12,,106.20117344075678,77.93868245951579,74.46797338464006,117.4769100874154,199584,"(106.20117344075678, 77.93868245951579, 74.46797338464006)"
053A13.JPG,41.76,13,,104.88906220504516,73.54594092458098,65.81731428401109,13.547335302253703,201302,"(104.88906220504516, 73.54594092458098, 65.81731428401109)"
053A15.JPG,56.43,15,,170.82897603485839,143.7664468565204,146.03047677404297,63.146679927478026,205632,"(170.82897603485839, 143.7664468565204, 146.03047677404297)"
053A18.JPG,48.17,18,,154.70973955773957,120.39062899262899,111.48598525798526,16.250981338195018,203500,"(154.70973955773957, 120.39062899262899, 111.48598525798526)"
054A00.JPG,50.86,0,,114.008969291578,82.71432634686492,64.37378750281977,25.024798823775868,203918,"(114.008969291578, 82.71432634686492, 64.37378750281977)"
054A02.JPG,45.75,2,,119.12906378600825,87.85608024691359,104.60806069958849,17.477617206049214,194400,"(119.12906378600825, 87.85608024691359, 104.60806069958849)"
054A04.JPG,44.91,4,,76.86758769351361,89.21309523809524,88.27030668234372,16.78933430889669,204120,"(76.86758769351361, 89.21309523809524, 88.27030668234372)"
054A06.JPG,45.26,6,,91.70567470164244,65.39956280278861,54.0900636102249,16.25937937730351,203112,"(91.70567470164244, 65.39956280278861, 54.0900636102249)"
054A09.JPG,50.91,9,,122.22817952656662,90.71388691953209,90.0289298515105,22.636821028039638,203112,"(122.22817952656662, 90.71388691953209, 90.0289298515105)"
054A10.JPG,47.62,10,,94.08278225806451,70.30381048387096,68.09610887096774,23.851226583998148,198400,"(94.08278225806451, 70.30381048387096, 68.09610887096774)"
054A11.JPG,48.06,11,,134.47189704665985,124.09671094244149,113.28456672991777,14.59549759449528,205530,"(134.47189704665985, 124.09671094244149, 113.28456672991777)"
054A12.JPG,47.26,12,,105.9771406488475,82.24362599303409,76.95730442609478,28.760260867269338,204424,"(105.9771406488475, 82.24362599303409, 76.95730442609478)"
054A13.JPG,44.04,13,,99.46280846407846,78.72882514995798,78.03316172016959,11.495563168521835,204724,"(99.46280846407846, 78.72882514995798, 78.03316172016959)"
054A16.JPG,62.06,16,,137.28395552610263,118.66205728591414,131.7760498735979,68.90154668709634,203715,"(137.28395552610263, 118.66205728591414, 131.7760498735979)"
054A17.JPG,57.01,17,,118.50283910151354,88.35870529258652,74.8101802757158,50.73364800294731,207460,"(118.50283910151354, 88.35870529258652, 74.8101802757158)"
054A18.JPG,44.35,18,,120.63204433558475,103.99785249511369,80.38549197159752,18.791093907650165,202095,"(120.63204433558475, 103.99785249511369, 80.38549197159752)"
054A19.JPG,46.03,19,,131.72824952445984,97.54872945422622,103.47740330683315,13.824563290754845,205030,"(131.72824952445984, 97.54872945422622, 103.47740330683315)"
055A04.JPG,49.99,4,,161.86342746869062,90.82002705686915,64.07349620507514,22.259143435580743,201058,"(161.86342746869062, 90.82002705686915, 64.07349620507514)"
055A05.JPG,43.78,5,,170.6724073362781,122.10049452659881,95.9596648742078,12.913538621667193,208280,"(170.6724073362781, 122.10049452659881, 95.9596648742078)"
055A06.JPG,48.87,6,,101.9989481409002,74.26981898238748,69.67141389432486,22.56881406959215,204400,"(101.9989481409002, 74.26981898238748, 69.67141389432486)"
055A08.JPG,45.14,8,,128.84157311035744,75.38737672007173,51.25786457724243,16.198829718518184,205224,"(128.84157311035744, 75.38737672007173, 51.25786457724243)"
055A12.JPG,44.47,12,,164.75420270042696,112.90504918422539,121.83476973065073,15.13227833318506,201894,"(164.75420270042696, 112.90504918422539, 121.83476973065073)"
055A14.JPG,54.02,14,,120.09063171763401,102.1434416079725,88.78660584266991,23.376370491447577,201894,"(120.09063171763401, 102.1434416079725, 88.78660584266991)"
055A22.JPG,47.63,22,,133.40560872818938,113.66740025207767,98.08913801252511,25.287595987954848,203112,"(133.40560872818938, 113.66740025207767, 98.08913801252511)"
055A23.JPG,40.76,23,,115.61447878773279,96.69141150112024,70.06812016671084,9.92134698667355,207545,"(115.61447878773279, 96.69141150112024, 70.06812016671084)"
056A01.JPG,41.37,1,,118.3587904881387,71.77115647810218,61.408820901763995,10.821415202039713,210432,"(118.3587904881387, 71.77115647810218, 61.408820901763995)"
056A02.JPG,51.24,2,,187.37714490346067,115.10137870664185,88.1769240716609,24.794353268579343,201058,"(187.37714490346067, 115.10137870664185, 88.1769240716609)"
056A03.JPG,49.34,3,,181.50053084648493,119.80621712099475,86.01234337637494,17.190680660847026,209100,"(181.50053084648493, 119.80621712099475, 86.01234337637494)"
056A04.JPG,44.6,4,,121.39680392156863,101.45894117647059,96.36292156862746,14.534776731502848,204000,"(121.39680392156863, 101.45894117647059, 96.36292156862746)"
056A06.JPG,46.91,6,,183.7301533933653,116.6434627528944,84.25535025143257,14.42562251792785,205224,"(183.7301533933653, 116.6434627528944, 84.25535025143257)"
056A10.JPG,48.33,10,,171.83071654005835,112.48737567328084,124.14879381925708,19.302149210270684,200882,"(171.83071654005835, 112.48737567328084, 124.14879381925708)"
056A12.JPG,42.71,12,,132.78321794701105,102.41479163892957,85.58376286208798,10.538972729911682,210308,"(132.78321794701105, 102.41479163892957, 85.58376286208798)"
056A15.JPG,60.79,15,,168.38175448839584,120.38352065391913,110.062871600253,26.632982595151987,205530,"(168.38175448839584, 120.38352065391913, 110.062871600253)"
057A00.JPG,36.77,0,,212.3780511363636,137.48776136363637,96.20898863636363,12.597686352412618,176000,"(212.3780511363636, 137.48776136363637, 96.20898863636363)"
057A05.JPG,46.22,5,,86.23324567734026,66.25210324953288,54.99455774915227,15.309741056007603,202306,"(86.23324567734026, 66.25210324953288, 54.99455774915227)"
057A06.JPG,43.78,6,,132.1849862258953,105.54704111825323,91.84737271706967,15.638000783987225,196020,"(132.1849862258953, 105.54704111825323, 91.84737271706967)"
057A07.JPG,47.56,7,,109.04622834531438,81.68696191576745,75.6063962300962,17.257021070414872,199899,"(109.04622834531438, 81.68696191576745, 75.6063962300962)"
057A12.JPG,50.68,12,,62.47829933739169,52.41004298779608,55.387308502351345,21.027488873124174,207966,"(62.47829933739169, 52.41004298779608, 55.387308502351345)"
057A16.JPG,46.01,16,,147.15063296194242,118.51212012299828,108.53827722535041,16.0904515168768,200328,"(147.15063296194242, 118.51212012299828, 108.53827722535041)"
057A17.JPG,51.02,17,,100.6465498233631,66.1502761023269,84.70408298259109,20.8197267118746,204091,"(100.6465498233631, 66.1502761023269, 84.70408298259109)"
057A18.JPG,49.0,18,,120.11682273519163,86.32274063588851,83.05618466898954,46.58808555351222,183680,"(120.11682273519163, 86.32274063588851, 83.05618466898954)"
057A23.JPG,54.58,23,,114.46191077441078,82.08587361712362,71.13316197691198,28.418895961242836,199584,"(114.46191077441078, 82.08587361712362, 71.13316197691198)"
057A25.JPG,51.39,25,,102.49861020155714,74.59525576657207,72.07914332144848,22.760095865559077,206145,"(102.49861020155714, 74.59525576657207, 72.07914332144848)"
058A00.JPG,41.82,0,,145.92531465448133,111.87467933301266,97.93285533910534,11.44985534634217,199584,"(145.92531465448133, 111.87467933301266, 97.93285533910534)"
058A01.JPG,47.09,1,,155.29889853544745,127.88396800530967,115.67064404198938,14.357271688093181,204909,"(155.29889853544745, 127.88396800530967, 115.67064404198938)"
058A02.JPG,52.0,2,,99.03980148638306,75.27015629243722,68.34890002715983,25.83176482077731,202505,"(99.03980148638306, 75.27015629243722, 68.34890002715983)"
058A03.JPG,47.98,3,,106.24651510899055,83.05991402868665,82.29210550935295,14.412576555095683,203091,"(106.24651510899055, 83.05991402868665, 82.29210550935295)"
058A04.JPG,53.77,4,,134.13449043815058,90.84692326313242,77.06595013313968,24.83130597591718,206550,"(134.13449043815058, 90.84692326313242, 77.06595013313968)"
058A05.JPG,55.18,5,,93.33015143307517,67.8472541469628,61.756121009814116,30.940360441616942,204909,"(93.33015143307517, 67.8472541469628, 61.756121009814116)"
058A06.JPG,49.19,6,,89.37943685672914,79.95694243337377,80.2163053261848,20.788032273888444,204424,"(89.37943685672914, 79.95694243337377, 80.2163053261848)"
058A10.JPG,56.95,10,,66.75512783124331,55.634956741518415,52.28926314766209,56.78585231088731,205740,"(66.75512783124331, 55.634956741518415, 52.28926314766209)"
058A13.JPG,38.69,13,,121.74755387303436,93.92868860415453,91.25527082119977,9.301370139831828,206040,"(121.74755387303436, 93.92868860415453, 91.25527082119977)"
058A15.JPG,43.1,15,,95.75364609596214,69.69906617276288,65.13286916721617,12.985896793607056,206248,"(95.75364609596214, 69.69906617276288, 65.13286916721617)"
058A17.JPG,50.55,17,,89.75483969435582,60.20394659104336,58.094031864193155,24.13620288342785,203112,"(89.75483969435582, 60.20394659104336, 58.094031864193155)"
059A02a.JPG,48.84,2,,120.89437019179636,105.3514434951135,103.58846503822927,49.43478495519348,169242,"(120.89437019179636, 105.3514434951135, 103.58846503822927)"
059A02b.JPG,46.56,2,,88.97232430005515,78.09540332537858,75.53678462146611,21.762851859576553,204909,"(88.97232430005515, 78.09540332537858, 75.53678462146611)"
059A03.JPG,44.89,3,,97.99686188867082,68.34674162719433,65.78274235515747,13.395807324602831,203307,"(97.99686188867082, 68.34674162719433, 65.78274235515747)"
059A04.JPG,47.0,4,,83.79346630384437,59.81050737224023,50.62911552416242,22.84615716915584,207264,"(83.79346630384437, 59.81050737224023, 50.62911552416242)"
059A06.JPG,51.07,6,,91.67709190672153,77.11826866549089,77.45343915343915,33.300798002074394,204120,"(91.67709190672153, 77.11826866549089, 77.45343915343915)"
059A07.JPG,45.96,7,,137.40748513972517,113.15234676547784,99.50384533734754,13.289272246400017,207264,"(137.40748513972517, 113.15234676547784, 99.50384533734754)"
059A12.JPG,54.45,12,,152.78588130552185,102.26509607482487,52.588199037295034,22.16098466058663,204424,"(152.78588130552185, 102.26509607482487, 52.588199037295034)"
059A14.JPG,48.2,14,,114.64001650165017,77.62435449427296,68.00197049116676,14.761209188453083,206040,"(114.64001650165017, 77.62435449427296, 68.00197049116676)"
059A16.JPG,46.98,16,,124.5978425987778,102.14637175585739,80.78474974640639,20.853548076305266,202095,"(124.5978425987778, 102.14637175585739, 80.78474974640639)"
060A02.JPG,50.74,2,,100.91425099206349,100.91425099206349,100.91425099206349,79.19780886240926,201600,"(100.91425099206349, 100.91425099206349, 100.91425099206349)"
060A04.JPG,50.7,4,,112.08174166080774,112.08174166080774,112.08174166080774,65.7038309099571,204816,"(112.08174166080774, 112.08174166080774, 112.08174166080774)"
060A05.JPG,36.48,5,,113.08817383418923,113.08817383418923,113.08817383418923,8.843550368503301,202906,"(113.08817383418923, 113.08817383418923, 113.08817383418923)"
060A06.JPG,41.22,6,,96.89239766081872,96.89239766081872,96.89239766081872,19.471660412315828,197505,"(96.89239766081872, 96.89239766081872, 96.89239766081872)"
060A07.JPG,47.58,7,,105.18604385450716,105.18604385450716,105.18604385450716,27.150629151197915,201302,"(105.18604385450716, 105.18604385450716, 105.18604385450716)"
060A08.JPG,39.71,8,,93.93159421715185,93.93159421715185,93.93159421715185,13.7082405823849,203360,"(93.93159421715185, 93.93159421715185, 93.93159421715185)"
060A10.JPG,43.51,10,,101.015,101.015,101.015,30.953127161256578,201600,"(101.015, 101.015, 101.015)"
060A11.JPG,40.81,11,,132.72656234907757,132.72656234907757,132.72656234907757,15.158068890749043,207060,"(132.72656234907757, 132.72656234907757, 132.72656234907757)"
060A12.JPG,40.96,12,,105.54223214285715,105.54223214285715,105.54223214285715,19.250887448403837,201600,"(105.54223214285715, 105.54223214285715, 105.54223214285715)"
060A17.JPG,55.96,17,,161.2232872315593,71.58632411297853,44.43988289760349,50.70158296952015,205632,"(161.2232872315593, 71.58632411297853, 44.43988289760349)"
060A19.JPG,55.73,19,,135.80269121537503,54.91433239962652,27.06556858854653,45.262283123352816,205632,"(135.80269121537503, 54.91433239962652, 27.06556858854653)"
060A20.JPG,52.15,20,,129.6722556703422,59.306188814905724,40.48236323047634,23.83749534182918,206954,"(129.6722556703422, 59.306188814905724, 40.48236323047634)"
061A04.JPG,43.97,4,,131.55119228966487,81.90289821107726,63.18185102726349,11.868048777420805,204816,"(131.55119228966487, 81.90289821107726, 63.18185102726349)"
061A06.JPG,48.82,6,,144.4296372425869,93.03680864831944,82.04317498382247,17.050900788110113,210168,"(144.4296372425869, 93.03680864831944, 82.04317498382247)"
061A07.JPG,40.98,7,,177.7753048079135,114.03394582470669,100.9712684993482,11.326729380169528,208656,"(177.7753048079135, 114.03394582470669, 100.9712684993482)"
061A10.JPG,49.82,10,,180.568432935723,88.73210753461608,67.4970329077504,50.274717192519816,200196,"(180.568432935723, 88.73210753461608, 67.4970329077504)"
061A15.JPG,47.53,15,,140.9108708189158,95.3087754709727,84.6991397539408,27.445817148752205,208080,"(140.9108708189158, 95.3087754709727, 84.6991397539408)"
061A17.JPG,51.84,17,,90.8030052384891,50.38044034818228,41.98833648430423,28.6829851316044,203112,"(90.8030052384891, 50.38044034818228, 41.98833648430423)"
061A18.JPG,40.78,18,,102.61489397442739,102.61489397442739,102.61489397442739,17.160718618032288,202404,"(102.61489397442739, 102.61489397442739, 102.61489397442739)"
061A19.JPG,46.06,19,,85.23872849833832,62.80407423366666,37.38698781097854,15.426360947220653,201903,"(85.23872849833832, 62.80407423366666, 37.38698781097854)"
061A25.JPG,64.93,25,,95.58444080463717,77.57063133220217,93.69592189017155,80.74521341899745,203918,"(95.58444080463717, 77.57063133220217, 93.69592189017155)"
061A26.JPG,54.55,26,,135.53042743538768,109.09549701789264,102.91541749502981,31.044996154481876,201200,"(135.53042743538768, 109.09549701789264, 102.91541749502981)"
061A29.JPG,54.99,29,,88.281045751634,60.77874552598818,51.50548066448802,51.14500848419423,205632,"(88.281045751634, 60.77874552598818, 51.50548066448802)"
061A30.JPG,50.85,30,,92.46234739454096,63.110719602977674,57.967875930521096,24.192764091346877,201500,"(92.46234739454096, 63.110719602977674, 57.967875930521096)"
061A32.JPG,55.38,32,,82.38790756568535,60.499247571042446,55.14117904887136,26.452131463523777,205335,"(82.38790756568535, 60.499247571042446, 55.14117904887136)"
062A03.JPG,39.31,3,,117.8314743631183,117.8314743631183,117.8314743631183,16.462029531576192,201097,"(117.8314743631183, 117.8314743631183, 117.8314743631183)"
062A15.JPG,44.53,15,,117.92404023010997,117.92404023010997,117.92404023010997,32.73296249782559,204424,"(117.92404023010997, 117.92404023010997, 117.92404023010997)"
062A16.JPG,38.6,16,,95.64278826016229,95.64278826016229,95.64278826016229,14.587185150874898,205318,"(95.64278826016229, 95.64278826016229, 95.64278826016229)"
062A18.JPG,41.68,18,,105.3555261026434,105.3555261026434,105.3555261026434,21.632341402377403,203715,"(105.3555261026434, 105.3555261026434, 105.3555261026434)"
062A30.JPG,40.73,30,,73.97257353633807,57.477236332627676,62.6078243754431,13.93780927318038,201703,"(73.97257353633807, 57.477236332627676, 62.6078243754431)"
062A35.JPG,48.3,35,,119.79055786013383,80.58097385825539,72.1442051813877,18.402220915458606,204424,"(119.79055786013383, 80.58097385825539, 72.1442051813877)"
062A38.JPG,46.37,38,,78.42074257425743,60.90519306930693,64.43993069306931,15.802093878595779,202000,"(78.42074257425743, 60.90519306930693, 64.43993069306931)"
062A41.JPG,41.7,41,,67.26361458013069,50.254654505170585,53.899589573908415,11.624849903900563,204909,"(67.26361458013069, 50.254654505170585, 53.899589573908415)"
062A45.JPG,48.19,45,,77.92111063233335,61.878827952036374,73.86676770528422,24.98832625867935,201903,"(77.92111063233335, 61.878827952036374, 73.86676770528422)"
062A47.JPG,47.23,47,,102.1353768889021,75.80380677850255,71.1090771310976,17.18828613533092,201903,"(102.1353768889021, 75.80380677850255, 71.1090771310976)"
062A53.JPG,51.98,53,,112.46216832504146,89.32848159993682,83.37546888573009,38.335796560181635,202608,"(112.46216832504146, 89.32848159993682, 83.37546888573009)"
062A54.JPG,48.61,54,,94.87620798007944,76.15524890812435,65.34814529357128,18.652202603396322,202404,"(94.87620798007944, 76.15524890812435, 65.34814529357128)"
063A00.JPG,33.14,0,,99.68095959595959,99.68095959595959,99.68095959595959,7.931115380445873,198000,"(99.68095959595959, 99.68095959595959, 99.68095959595959)"
063A02.JPG,37.3,2,,84.24335863845918,84.24335863845918,84.24335863845918,13.307219390390916,202594,"(84.24335863845918, 84.24335863845918, 84.24335863845918)"
063A04.JPG,42.48,4,,116.12817156862745,67.40106862745098,60.841911764705884,17.877865051903118,204000,"(116.12817156862745, 67.40106862745098, 60.841911764705884)"
063A08.JPG,45.37,8,,194.86378091011073,117.65980100473102,97.66067892503537,13.413277377137426,205030,"(194.86378091011073, 117.65980100473102, 97.66067892503537)"
063A09.JPG,42.38,9,,167.35869767078165,74.98922870910673,52.52880978213061,11.02482680566405,204618,"(167.35869767078165, 74.98922870910673, 52.52880978213061)"
063A18.JPG,62.14,18,,105.25396470740112,105.25396470740112,105.25396470740112,204.33622451334165,201402,"(105.25396470740112, 105.25396470740112, 105.25396470740112)"
063A20.JPG,41.24,20,,135.7865570340818,89.8946651421899,70.85723599386965,13.298595333997865,205535,"(135.7865570340818, 89.8946651421899, 70.85723599386965)"
063A22.JPG,45.33,22,,153.484097805789,120.80482123404919,112.44575746965454,22.89251198841347,205632,"(153.484097805789, 120.80482123404919, 112.44575746965454)"
063A25.JPG,46.35,25,,69.62149491462255,54.18377485067528,43.97722613991899,20.270069301209897,203918,"(69.62149491462255, 54.18377485067528, 43.97722613991899)"
063A33.JPG,50.23,33,,108.1371767819111,85.63617091393803,81.05271338419237,21.190105596710467,203307,"(108.1371767819111, 85.63617091393803, 81.05271338419237)"
064A01.JPG,36.95,1,,173.63428681615898,128.21959536604302,137.51979276083767,9.606926628806692,197067,"(173.63428681615898, 128.21959536604302, 137.51979276083767)"
064A03.JPG,40.99,3,,191.46641270932386,110.94449218078707,88.57514655057187,8.918012411323318,209484,"(191.46641270932386, 110.94449218078707, 88.57514655057187)"
064A04.JPG,43.8,4,,162.64565855291661,68.17042321477805,44.94610362755524,17.148637774131338,203112,"(162.64565855291661, 68.17042321477805, 44.94610362755524)"
064A10.JPG,49.26,10,,104.3732575869362,80.555019428459,73.49092026953912,20.12440991749892,203310,"(104.3732575869362, 80.555019428459, 73.49092026953912)"
064A15.JPG,45.09,15,,47.10313358612848,33.30941539903079,35.540532626678186,15.845508309909434,204909,"(47.10313358612848, 33.30941539903079, 35.540532626678186)"
064A19.JPG,48.16,19,,87.81011178635285,61.18049756566272,51.72941461989173,26.127470264882398,201903,"(87.81011178635285, 61.18049756566272, 51.72941461989173)"
065A02a.JPG,51.34,2,,142.34580536471083,121.56398431124799,113.38315301797888,38.473346192342056,189945,"(142.34580536471083, 121.56398431124799, 113.38315301797888)"
065A02b.JPG,33.34,2,,76.59414011483206,76.59414011483206,76.59414011483206,11.13986979316648,202905,"(76.59414011483206, 76.59414011483206, 76.59414011483206)"
065A03a.JPG,60.21,3,,142.31938792288403,117.11528342993383,110.78052678094299,136.63545855690478,194616,"(142.31938792288403, 117.11528342993383, 110.78052678094299)"
065A03b.JPG,42.55,3,,74.63682553735674,58.877679405833454,37.34675126653878,11.76363227644077,203310,"(74.63682553735674, 58.877679405833454, 37.34675126653878)"
065A04.JPG,52.03,4,,105.89206845238095,98.26979662698413,94.13415178571428,41.32273307033317,201600,"(105.89206845238095, 98.26979662698413, 94.13415178571428)"
065A06a.JPG,57.32,6,,101.39210572074423,94.39646769505924,126.44832948307128,42.47371955685502,201285,"(101.39210572074423, 94.39646769505924, 126.44832948307128)"
065A06b.JPG,42.37,6,,98.55943879286053,65.18725041536712,66.33099173152223,10.976636709595104,205842,"(98.55943879286053, 65.18725041536712, 66.33099173152223)"
065A07a.JPG,48.29,7,,131.75040314452733,118.73664079822618,92.2174309614997,45.338751697356045,198440,"(131.75040314452733, 118.73664079822618, 92.2174309614997)"
065A07b.JPG,32.03,7,,81.41435263157895,81.41435263157895,81.41435263157895,12.164652289168975,190000,"(81.41435263157895, 81.41435263157895, 81.41435263157895)"
065A08.JPG,46.4,8,,176.44983565737053,147.10608565737053,142.08108565737052,17.331133914000926,200800,"(176.44983565737053, 147.10608565737053, 142.08108565737052)"
065A09.JPG,52.27,9,,98.35595284872298,59.941232809430254,62.4178536345776,115.9803823430784,203600,"(98.35595284872298, 59.941232809430254, 62.4178536345776)"
065A10.JPG,42.56,10,,114.61661687365745,79.73450532085629,71.1821337744747,14.489530911244552,202505,"(114.61661687365745, 79.73450532085629, 71.1821337744747)"
065A11.JPG,57.5,11,,128.4273941532258,119.74766129032258,123.77656754032257,196.8695897705728,198400,"(128.4273941532258, 119.74766129032258, 123.77656754032257)"
065A12.JPG,55.15,12,,103.54742321038427,97.05872786768558,96.98266487400275,84.56487243681252,202306,"(103.54742321038427, 97.05872786768558, 96.98266487400275)"
065A13.JPG,48.88,13,,122.5190594059406,105.64915841584158,93.65562376237624,18.7088135459895,202000,"(122.5190594059406, 105.64915841584158, 93.65562376237624)"
066A00.JPG,46.98,0,,113.30100353303766,83.90922630233781,54.98330733669097,16.42956819959259,212848,"(113.30100353303766, 83.90922630233781, 54.98330733669097)"
066A02a.JPG,57.99,2,,141.28159297052156,117.65260204081633,115.55245464852608,156.2318475504319,176400,"(141.28159297052156, 117.65260204081633, 115.55245464852608)"
066A02b.JPG,40.87,2,,106.49926508040456,89.77033641368939,99.92675543913265,9.109195709359318,206145,"(106.49926508040456, 89.77033641368939, 99.92675543913265)"
066A03.JPG,49.06,3,,109.53787709939922,95.53249332600308,81.6569392232904,34.86927355934395,201903,"(109.53787709939922, 95.53249332600308, 81.6569392232904)"
066A04.JPG,54.7,4,,85.36665138549307,85.7521750203749,116.01937143439282,44.00835750350135,196320,"(85.36665138549307, 85.7521750203749, 116.01937143439282)"
066A06a.JPG,51.2,6,,142.2813908141203,125.12926609953728,118.14722968740529,29.020820898395357,197956,"(142.2813908141203, 125.12926609953728, 118.14722968740529)"
066A06b.JPG,56.16,6,,127.76791936286709,114.82279741164758,93.69133897461424,65.9595714680652,200900,"(127.76791936286709, 114.82279741164758, 93.69133897461424)"
066A07.JPG,41.76,7,,103.2676499623689,89.7464054970726,84.53978633355815,12.328410949383775,204618,"(103.2676499623689, 89.7464054970726, 84.53978633355815)"
066A08.JPG,50.04,8,,82.92652321083172,54.566078336557055,52.67088491295938,98.42465264644623,206800,"(82.92652321083172, 54.566078336557055, 52.67088491295938)"
066A09.JPG,49.24,9,,85.07890251711738,66.3462193980592,58.20584700261071,25.48183829028507,203010,"(85.07890251711738, 66.3462193980592, 58.20584700261071)"
066A10.JPG,55.19,10,,117.63021481788898,100.70846920021344,130.4863293215549,108.74640256075452,202404,"(117.63021481788898, 100.70846920021344, 130.4863293215549)"
066A11.JPG,63.72,11,,97.75608196209278,62.427395725398235,53.35106071798634,70.71542530577543,201703,"(97.75608196209278, 62.427395725398235, 53.35106071798634)"
067A04.JPG,38.82,4,,138.1266874805478,138.1266874805478,138.1266874805478,16.448802910793606,205632,"(138.1266874805478, 138.1266874805478, 138.1266874805478)"
067A14.JPG,46.54,14,,141.46769192913385,93.33093996062992,86.65014271653543,22.37382423674995,203200,"(141.46769192913385, 93.33093996062992, 86.65014271653543)"
067A17.JPG,42.58,17,,117.91665836653387,82.7617280876494,65.5970219123506,14.498656214936627,200800,"(117.91665836653387, 82.7617280876494, 65.5970219123506)"
067A21.JPG,39.74,21,,127.95147175426061,114.45301839325744,95.39694783519485,10.041914531963888,204314,"(127.95147175426061, 114.45301839325744, 95.39694783519485)"
067A23.JPG,40.4,23,,69.00556101726895,69.61091250335151,62.3020625415835,10.16935270403616,201402,"(69.00556101726895, 69.61091250335151, 62.3020625415835)"
067A26.JPG,45.97,26,,97.91510102800426,76.34236283429831,66.62802296270038,14.76719996927361,203112,"(97.91510102800426, 76.34236283429831, 66.62802296270038)"
067A28.JPG,44.37,28,,101.57488457075135,79.46639836053431,76.04966790943433,15.591064929906114,202505,"(101.57488457075135, 79.46639836053431, 76.04966790943433)"
067A30.JPG,43.49,30,,93.85999260815437,77.13245992841581,79.89154411764706,19.800944233017177,205632,"(93.85999260815437, 77.13245992841581, 79.89154411764706)"
067A33.JPG,40.25,33,,85.88364395263056,65.34340419336051,62.8320568821588,9.073050864661084,206040,"(85.88364395263056, 65.34340419336051, 62.8320568821588)"
067A39.JPG,54.26,39,,112.06700734589587,99.93825516546691,93.2676018966661,35.03865800124584,203515,"(112.06700734589587, 99.93825516546691, 93.2676018966661)"
068A00.JPG,49.59,0,,99.55974280860039,83.6035258851329,77.38838440057023,32.970130884596905,204828,"(99.55974280860039, 83.6035258851329, 77.38838440057023)"
068A03.JPG,54.06,3,,90.51116773284181,71.64064640769618,67.9587887987541,34.58038653957848,202906,"(90.51116773284181, 71.64064640769618, 67.9587887987541)"
068A04.JPG,45.82,4,,110.6010779423953,72.66887845929762,67.78237627938226,14.055236245416346,203907,"(110.6010779423953, 72.66887845929762, 67.78237627938226)"
068A09.JPG,43.77,9,,86.4255389221557,76.58910179640719,70.35245009980041,16.33163505683244,200400,"(86.4255389221557, 76.58910179640719, 70.35245009980041)"
068A10a.JPG,49.33,10,,112.69121756487027,104.31233033932136,109.16309381237525,21.46450690182066,200400,"(112.69121756487027, 104.31233033932136, 109.16309381237525)"
068A10b.JPG,42.62,10,,76.83233538764105,65.93916912502068,63.238903330704595,15.007272576077252,205422,"(76.83233538764105, 65.93916912502068, 63.238903330704595)"
068A11.JPG,46.38,11,,78.70804901960784,61.359049019607845,51.76769117647059,18.79635559782295,204000,"(78.70804901960784, 61.359049019607845, 51.76769117647059)"
068A12.JPG,48.26,12,,115.74209303241561,99.03343967860097,105.76239217771476,22.434865350065543,203112,"(115.74209303241561, 99.03343967860097, 105.76239217771476)"
068A13.JPG,54.12,13,,105.79152317618652,87.77683766773542,80.02792621620551,84.93828612979176,202104,"(105.79152317618652, 87.77683766773542, 80.02792621620551)"
068A14.JPG,57.95,14,,77.61821237420284,78.21330566863475,76.78049441613358,59.93090895825816,202906,"(77.61821237420284, 78.21330566863475, 76.78049441613358)"
069A00.JPG,42.96,0,,173.16673139423176,143.95378962860005,142.3747674917728,16.420169433311127,195692,"(173.16673139423176, 143.95378962860005, 142.3747674917728)"
069A02.JPG,47.5,2,,67.37084639653695,59.31366547302417,38.02918728300224,18.23052921389532,201903,"(67.37084639653695, 59.31366547302417, 38.02918728300224)"
069A03.JPG,53.23,3,,76.19366862867389,58.08159546269588,51.2071509316286,29.033513941271654,205232,"(76.19366862867389, 58.08159546269588, 51.2071509316286)"
069A04.JPG,44.41,4,,116.28172156914673,99.1320602039165,110.82820109167415,14.495024033844617,203907,"(116.28172156914673, 99.1320602039165, 110.82820109167415)"
069A05.JPG,41.83,5,,90.61298500000001,62.97826500000001,60.848940000000006,12.47666509733055,200000,"(90.61298500000001, 62.97826500000001, 60.848940000000006)"
069A06.JPG,43.58,6,,102.08685868586858,89.5946904473056,77.80521367354126,11.112687317266401,204424,"(102.08685868586858, 89.5946904473056, 77.80521367354126)"
069A07.JPG,47.9,7,,97.75342175745402,79.57161566032534,63.0154791445114,18.264511152969334,203112,"(97.75342175745402, 79.57161566032534, 63.0154791445114)"
069A09.JPG,44.87,9,,118.61056923765535,106.29969946927552,114.26237168420171,12.910481728472652,203307,"(118.61056923765535, 106.29969946927552, 114.26237168420171)"
069A10.JPG,46.08,10,,108.28848514851485,89.61506435643565,93.94019306930693,21.15133159493078,202000,"(108.28848514851485, 89.61506435643565, 93.94019306930693)"
069A11.JPG,53.82,11,,99.41417196288991,86.79280200647722,73.25924951907858,27.103380401124618,205335,"(99.41417196288991, 86.79280200647722, 73.25924951907858)"
069A13.JPG,58.58,13,,100.08558623322409,99.28392735854202,101.49435060460182,56.2578525139168,201703,"(100.08558623322409, 99.28392735854202, 101.49435060460182)"
070A00.JPG,49.68,0,,130.83042394014964,126.75928262348083,121.44983391324062,15.982489984073696,202906,"(130.83042394014964, 126.75928262348083, 121.44983391324062)"
070A01.JPG,45.05,1,,95.4619808467742,86.35769657258065,83.24746975806451,17.770189230507924,198400,"(95.4619808467742, 86.35769657258065, 83.24746975806451)"
070A02.JPG,51.03,2,,67.86176293473646,48.94703199502453,47.01522749933364,26.05282812725067,202594,"(67.86176293473646, 48.94703199502453, 47.01522749933364)"
070A03.JPG,46.78,3,,99.90594549553965,98.68495245564161,102.02645328889324,15.389145960527294,204020,"(99.90594549553965, 98.68495245564161, 102.02645328889324)"
070A05.JPG,50.99,5,,115.90332162715833,89.39255682372452,72.69693688420642,23.94619722201786,205020,"(115.90332162715833, 89.39255682372452, 72.69693688420642)"
070A06.JPG,46.29,6,,88.12406411422158,69.6040792044729,71.00089477451682,20.236657980494783,206756,"(88.12406411422158, 69.6040792044729, 71.00089477451682)"
070A07.JPG,42.43,7,,81.39138553404796,68.60204901867782,52.67133820291476,17.21957378935477,200291,"(81.39138553404796, 68.60204901867782, 52.67133820291476)"
070A08.JPG,54.55,8,,93.59550955539763,70.30647358445866,64.72604240701256,53.39115309939934,202608,"(93.59550955539763, 70.30647358445866, 64.72604240701256)"
070A09.JPG,41.08,9,,122.68725678538003,107.09459139943846,97.23564356435644,10.641398189321919,203010,"(122.68725678538003, 107.09459139943846, 97.23564356435644)"
070A12.JPG,41.89,12,,114.03545755474596,95.46605554902652,84.55244936733655,12.041981654282749,204216,"(114.03545755474596, 95.46605554902652, 84.55244936733655)"
070A14.JPG,44.59,14,,146.67736977714827,151.34900879453141,163.1780754491439,13.832082562815732,199101,"(146.67736977714827, 151.34900879453141, 163.1780754491439)"
071A00.JPG,37.28,0,,118.25141873686006,118.25141873686006,118.25141873686006,23.462634226587955,199297,"(118.25141873686006, 118.25141873686006, 118.25141873686006)"
071A10.JPG,42.38,10,,91.78371452461758,91.78371452461758,91.78371452461758,26.123769359077652,203310,"(91.78371452461758, 91.78371452461758, 91.78371452461758)"
071A18.JPG,36.6,18,,138.4239549934687,138.4239549934687,138.4239549934687,9.617652269525458,202104,"(138.4239549934687, 138.4239549934687, 138.4239549934687)"
071A22.JPG,40.74,22,,140.46143940407026,104.04532374457041,92.40188605419434,9.868227840064606,201903,"(140.46143940407026, 104.04532374457041, 92.40188605419434)"
071A23.JPG,39.12,23,,96.27812521853802,72.5173781432011,68.44303525580187,10.652338583077348,200194,"(96.27812521853802, 72.5173781432011, 68.44303525580187)"
071A24.JPG,49.43,24,,142.32144252750044,86.72128817334557,69.89721771751235,21.939380903862006,204724,"(142.32144252750044, 86.72128817334557, 69.89721771751235)"
071A27.JPG,44.36,27,,134.25559451737297,100.50813702571479,68.33902275769745,15.591228671085885,200196,"(134.25559451737297, 100.50813702571479, 68.33902275769745)"
071A35.JPG,48.91,35,,132.53285195383444,111.03542484425958,89.63709063214014,16.931468442376755,204828,"(132.53285195383444, 111.03542484425958, 89.63709063214014)"
071A40.JPG,43.04,40,,101.06774406396461,87.85059239061879,84.49934502265737,12.965127178148363,206114,"(101.06774406396461, 87.85059239061879, 84.49934502265737)"
071A42.JPG,41.92,42,,137.1772928994083,94.02288461538461,76.49416173570019,12.372066790886391,202800,"(137.1772928994083, 94.02288461538461, 76.49416173570019)"
071A43.JPG,41.32,43,,161.4030042538107,103.17604572846508,84.25248631297018,14.408040946278259,203112,"(161.4030042538107, 103.17604572846508, 84.25248631297018)"
071A44.JPG,57.24,44,,108.13742263056092,69.39419245647969,57.93160541586073,40.60996722783361,206800,"(108.13742263056092, 69.39419245647969, 57.93160541586073)"
071A45.JPG,51.49,45,,117.01678579798453,76.53612998984454,68.3253896179986,31.508607412651664,204816,"(117.01678579798453, 76.53612998984454, 68.3253896179986)"
072A02.JPG,46.52,2,,91.32629006326499,91.32629006326499,91.32629006326499,27.268251364314384,200901,"(91.32629006326499, 91.32629006326499, 91.32629006326499)"
072A07.JPG,37.1,7,,107.26508000460458,107.26508000460458,107.26508000460458,8.812147135938881,208488,"(107.26508000460458, 107.26508000460458, 107.26508000460458)"
072A11.JPG,34.1,11,,98.08777263374486,98.08777263374486,98.08777263374486,8.766945576978443,194400,"(98.08777263374486, 98.08777263374486, 98.08777263374486)"
072A13.JPG,44.11,13,,132.05122789396984,132.05122789396984,132.05122789396984,40.64624014842716,203112,"(132.05122789396984, 132.05122789396984, 132.05122789396984)"
072A14.JPG,48.34,14,,91.00161979597463,91.00161979597463,91.00161979597463,45.54285408780502,203112,"(91.00161979597463, 91.00161979597463, 91.00161979597463)"
072A17.JPG,41.18,17,,95.92751895680146,95.92751895680146,95.92751895680146,21.54792650971491,208896,"(95.92751895680146, 95.92751895680146, 95.92751895680146)"
072A19.JPG,48.49,19,,169.23828739720486,85.6860080213508,65.17173879798135,27.2459897343879,202709,"(169.23828739720486, 85.6860080213508, 65.17173879798135)"
072A21.JPG,41.44,21,,82.8623835716905,45.6498080919203,35.45842806502872,10.77267611247461,204525,"(82.8623835716905, 45.6498080919203, 35.45842806502872)"
072A25.JPG,42.92,25,,133.9658784764995,72.97991967871486,57.58826828511052,12.572741495597713,199698,"(133.9658784764995, 72.97991967871486, 57.58826828511052)"
072A27.JPG,45.56,27,,128.0227427121421,97.7856700433575,68.06924214270015,15.84674158804071,200196,"(128.0227427121421, 97.7856700433575, 68.06924214270015)"
072A29.JPG,39.71,29,,132.52118129439083,91.63725090117663,76.19570835883833,9.161016135403093,205842,"(132.52118129439083, 91.63725090117663, 76.19570835883833)"
072A34.JPG,39.34,34,,88.34268537074148,47.280428178223765,33.63677723998365,10.952328463767586,203093,"(88.34268537074148, 47.280428178223765, 33.63677723998365)"
072A41.JPG,44.59,41,,147.1630123880538,131.99338679133626,136.36376592890676,12.560337331254255,202776,"(147.1630123880538, 131.99338679133626, 136.36376592890676)"
072A45.JPG,50.35,45,,116.98090172013293,74.57979326706389,64.74900818709975,22.666035969424396,201903,"(116.98090172013293, 74.57979326706389, 64.74900818709975)"
073A00.JPG,48.29,0,,150.2335963769283,143.80997906387714,144.1125865628157,23.145698796989233,204909,"(150.2335963769283, 143.80997906387714, 144.1125865628157)"
073A01.JPG,47.31,1,,99.19851606051263,112.00400839854935,141.44489797916026,21.496750155051338,204321,"(99.19851606051263, 112.00400839854935, 141.44489797916026)"
073A02.JPG,50.64,2,,92.43831393737877,80.72165815619681,78.8423732335827,25.30630863541174,202104,"(92.43831393737877, 80.72165815619681, 78.8423732335827)"
073A03.JPG,39.19,3,,101.21455018216153,92.02444968436872,81.25087867597989,8.288534065829026,202293,"(101.21455018216153, 92.02444968436872, 81.25087867597989)"
073A04.JPG,47.25,4,,59.27329820507202,49.060008566248975,47.49079128234755,34.71691741175347,200788,"(59.27329820507202, 49.060008566248975, 47.49079128234755)"
073A05.JPG,38.89,5,,66.94541089108911,36.606455445544555,33.203079207920794,10.556784642801903,202000,"(66.94541089108911, 36.606455445544555, 33.203079207920794)"
073A06.JPG,58.74,6,,75.56717821782179,59.34657425742574,54.60570297029703,55.88388733600189,202000,"(75.56717821782179, 59.34657425742574, 54.60570297029703)"
073A07.JPG,64.34,7,,88.17803465346535,64.31785148514852,58.990752475247525,81.35806601934182,202000,"(88.17803465346535, 64.31785148514852, 58.990752475247525)"
073A08.JPG,66.09,8,,104.91223523059175,82.88040154136907,71.23346832584738,75.66040021512309,203715,"(104.91223523059175, 82.88040154136907, 71.23346832584738)"
073A09.JPG,71.14,9,,96.81137949543748,78.7243936954082,74.50394280973991,98.85367496708552,204930,"(96.81137949543748, 78.7243936954082, 74.50394280973991)"
073A11.JPG,46.53,11,,84.55982498127946,69.78438829097352,63.77431590487518,14.75463579356938,204321,"(84.55982498127946, 69.78438829097352, 63.77431590487518)"
073A12.JPG,59.42,12,,96.20666594704923,59.24779698938237,57.05618903695562,64.73171561898664,203812,"(96.20666594704923, 59.24779698938237, 57.05618903695562)"
073A13.JPG,42.76,13,,83.0675641400839,61.72888986440348,52.03935225831626,11.779677682308694,205020,"(83.0675641400839, 61.72888986440348, 52.03935225831626)"
073A14.JPG,46.09,14,,96.26770303507892,77.48810086682427,69.12075841153856,12.231993757180067,209385,"(96.26770303507892, 77.48810086682427, 69.12075841153856)"
073A15.JPG,38.53,15,,118.30867704979336,92.16418258373763,83.66349539364094,10.82776465378036,205911,"(118.30867704979336, 92.16418258373763, 83.66349539364094)"
073A16.JPG,46.12,16,,124.59871347633539,88.01139068259977,73.91996833172517,14.407041945368233,202095,"(124.59871347633539, 88.01139068259977, 73.91996833172517)"
074A00.JPG,54.62,0,,106.56875242173452,88.73667921828894,66.10769888028932,27.192961170139977,201302,"(106.56875242173452, 88.73667921828894, 66.10769888028932)"
074A01.JPG,55.96,1,,139.79533831249034,126.68705612166126,122.04165701713757,32.20259117319492,207264,"(139.79533831249034, 126.68705612166126, 122.04165701713757)"
074A02.JPG,53.35,2,,103.27913451086287,113.71321203893618,106.77063750879212,30.67145095823925,203307,"(103.27913451086287, 113.71321203893618, 106.77063750879212)"
074A03.JPG,47.79,3,,78.52923456113925,59.30134305536537,58.92928705098361,60.96391856109168,175272,"(78.52923456113925, 59.30134305536537, 58.92928705098361)"
074A04.JPG,40.95,4,,138.58077888887237,118.84211230145169,100.3595736566569,11.357846422743787,201903,"(138.58077888887237, 118.84211230145169, 100.3595736566569)"
074A05.JPG,47.83,5,,109.22581043196716,87.47599798625919,67.95569770196636,16.878083105410276,202608,"(109.22581043196716, 87.47599798625919, 67.95569770196636)"
074A06.JPG,47.57,6,,134.97946892285083,106.81868104586846,102.54727857717401,20.559511357109834,201402,"(134.97946892285083, 106.81868104586846, 102.54727857717401)"
074A07.JPG,50.51,7,,103.46011128957667,79.73196019831225,73.6997618064914,29.454721690937692,201097,"(103.46011128957667, 79.73196019831225, 73.6997618064914)"
074A08.JPG,49.24,8,,122.81338691326346,95.15890968069913,86.71652182333148,22.82624446679305,206545,"(122.81338691326346, 95.15890968069913, 86.71652182333148)"
074A09.JPG,41.47,9,,135.70958247944495,109.24128786943533,111.90776524036444,11.614290944749797,202505,"(135.70958247944495, 109.24128786943533, 111.90776524036444)"
074A10.JPG,56.75,10,,98.14052109181142,79.86001488833747,73.10400496277916,71.47681826684484,201500,"(98.14052109181142, 79.86001488833747, 73.10400496277916)"
074A11.JPG,54.54,11,,112.86657909742587,91.18332518735744,97.78707437275986,58.66345941975803,196416,"(112.86657909742587, 91.18332518735744, 97.78707437275986)"
074A12.JPG,41.56,12,,97.91544572894688,72.51787076386618,59.3464243612985,12.420900410355806,201894,"(97.91544572894688, 72.51787076386618, 59.3464243612985)"
074A13.JPG,46.3,13,,108.16927644710579,84.50572854291417,79.6976996007984,14.468506314837612,200400,"(108.16927644710579, 84.50572854291417, 79.6976996007984)"
074A14.JPG,49.54,14,,84.65555666003976,53.00811630218688,42.13296222664016,26.45069741717576,201200,"(84.65555666003976, 53.00811630218688, 42.13296222664016)"
074A15.JPG,48.53,15,,145.38509295364133,109.67200854700855,103.29442376619797,20.770021460503475,203112,"(145.38509295364133, 109.67200854700855, 103.29442376619797)"
075A00.JPG,44.34,0,,113.12806234983654,83.5421885462208,84.76144196305486,18.380261525753827,203112,"(113.12806234983654, 83.5421885462208, 84.76144196305486)"
075A01.JPG,41.44,1,,84.90198511166253,76.29835658788593,62.08374689826303,11.693689607163162,196664,"(84.90198511166253, 76.29835658788593, 62.08374689826303)"
075A02.JPG,56.05,2,,104.40419111730418,90.15524601102977,87.81037426648088,53.30981236105506,203812,"(104.40419111730418, 90.15524601102977, 87.81037426648088)"
075A03.JPG,44.51,3,,146.5432102195764,110.77525545467806,105.7002410408519,134.0744739151084,143959,"(146.5432102195764, 110.77525545467806, 105.7002410408519)"
075A05.JPG,49.73,5,,100.22296558507371,70.106375224049,56.15635250710216,24.12148863817399,200291,"(100.22296558507371, 70.106375224049, 56.15635250710216)"
075A06.JPG,48.91,6,,99.89912254698524,81.90421631983558,74.97839963637082,21.899516746920188,202404,"(99.89912254698524, 81.90421631983558, 74.97839963637082)"
075A07.JPG,50.61,7,,105.70113273453094,82.07671157684631,76.23796906187626,31.028424785135318,200400,"(105.70113273453094, 82.07671157684631, 76.23796906187626)"
075A08.JPG,47.94,8,,152.681544543889,133.3099614349123,118.71688859783161,13.131902534648157,206145,"(152.681544543889, 133.3099614349123, 118.71688859783161)"
075A10.JPG,42.92,10,,124.27750068239905,91.42266061192585,83.64835355716022,14.442175971095594,201495,"(124.27750068239905, 91.42266061192585, 83.64835355716022)"
075A11.JPG,45.9,11,,93.76574095773768,84.18777341613936,88.00727970471057,21.17500892340993,204816,"(93.76574095773768, 84.18777341613936, 88.00727970471057)"
076A00.JPG,36.89,0,,128.0817436027246,88.79615588181149,76.29249125552283,17.95088187583685,173824,"(128.0817436027246, 88.79615588181149, 76.29249125552283)"
076A01.JPG,47.0,1,,116.54324410899117,87.54076658191356,87.73346313239504,28.244787436524224,199796,"(116.54324410899117, 87.54076658191356, 87.73346313239504)"
076A02.JPG,46.03,2,,122.84743630690612,109.66530722551163,134.03293614721272,17.18151915866883,203515,"(122.84743630690612, 109.66530722551163, 134.03293614721272)"
076A03.JPG,51.92,3,,75.39341080510036,63.51322998304793,65.894459867823,39.12467864054885,203515,"(75.39341080510036, 63.51322998304793, 65.894459867823)"
076A04.JPG,42.74,4,,91.78077844311377,73.6620758483034,65.95440618762476,15.734612732394503,200400,"(91.78077844311377, 73.6620758483034, 65.95440618762476)"
076A05.JPG,56.97,5,,114.63635170603673,98.89457081753669,94.28098571011957,54.912841266573054,205740,"(114.63635170603673, 98.89457081753669, 94.28098571011957)"
076A06.JPG,51.46,6,,96.9248561763907,76.03107577590677,73.17864250265426,28.179370036845924,202505,"(96.9248561763907, 76.03107577590677, 73.17864250265426)"
076A07.JPG,46.54,7,,104.18948294829482,83.3723016746119,70.01110866642219,18.058866312496047,204525,"(104.18948294829482, 83.3723016746119, 70.01110866642219)"
076A08.JPG,41.03,8,,96.94538212226924,98.77922264281649,89.34252208119943,11.966842453634415,202095,"(96.94538212226924, 98.77922264281649, 89.34252208119943)"
076A09.JPG,55.66,9,,113.27830095553976,78.52070994235174,66.25872127457949,39.95367819308083,202608,"(113.27830095553976, 78.52070994235174, 66.25872127457949)"
076A10.JPG,41.44,10,,87.12156347236993,64.44632025680413,57.872297057780926,12.476856033482088,203112,"(87.12156347236993, 64.44632025680413, 57.872297057780926)"
076A11.JPG,49.62,11,,75.48901207486018,59.620728839351,57.22888381652537,49.42428671999192,202404,"(75.48901207486018, 59.620728839351, 57.22888381652537)"
076A12.JPG,36.05,12,,88.63227930174563,63.58905735660848,55.063610972568576,8.506911933521698,200500,"(88.63227930174563, 63.58905735660848, 55.063610972568576)"
076A13.JPG,41.41,13,,106.82424018521256,78.14753953007241,58.85058864095365,12.0126461504749,203010,"(106.82424018521256, 78.14753953007241, 58.85058864095365)"
076A14.JPG,48.05,14,,124.0017233971918,93.83404124436113,85.86038529888492,16.18531100299084,204828,"(124.0017233971918, 93.83404124436113, 85.86038529888492)"
076A15.JPG,50.14,15,,109.73791399287622,90.02135238068135,77.95503289177255,26.949742510342677,210843,"(109.73791399287622, 90.02135238068135, 77.95503289177255)"
076A16.JPG,51.62,16,,91.99723968565814,75.66761296660117,75.38627701375245,36.28364263029443,203600,"(91.99723968565814, 75.66761296660117, 75.38627701375245)"
076A17.JPG,50.57,17,,80.81472933070866,84.553125,78.86757381889764,35.49794334221732,203200,"(80.81472933070866, 84.553125, 78.86757381889764)"
077A00.JPG,38.98,0,,140.2407940544678,104.65823066097134,90.64666551443175,13.2414835580994,202505,"(140.2407940544678, 104.65823066097134, 90.64666551443175)"
077A01.JPG,53.69,1,,106.01566543438078,82.48122458410351,81.1651663585952,27.85162931845784,216400,"(106.01566543438078, 82.48122458410351, 81.1651663585952)"
077A02.JPG,49.88,2,,102.37927016708811,78.45703307055382,68.43809311319352,28.111227059700937,201690,"(102.37927016708811, 78.45703307055382, 68.43809311319352)"
077A03.JPG,50.87,3,,92.59111943803076,77.75388897585411,63.095482917857,25.727123819798962,204424,"(92.59111943803076, 77.75388897585411, 63.095482917857)"
077A04.JPG,53.42,4,,97.04223890678074,77.33795040966356,71.49308906878629,28.843798624958644,204314,"(97.04223890678074, 77.33795040966356, 71.49308906878629)"
077A06.JPG,50.47,6,,111.50705190805289,89.18778639573318,70.81011023888222,25.227723648238943,212992,"(111.50705190805289, 89.18778639573318, 70.81011023888222)"
077A07.JPG,44.4,7,,121.52175581132927,89.2144324080343,89.98412322274882,33.06487191345434,177240,"(121.52175581132927, 89.2144324080343, 89.98412322274882)"
077A08.JPG,46.89,8,,102.41778159947921,86.38894394729938,81.35578744862565,24.34324480837692,205842,"(102.41778159947921, 86.38894394729938, 81.35578744862565)"
077A09.JPG,48.15,9,,138.13316032295273,120.76494136870436,115.92742695117263,27.585122619475655,208080,"(138.13316032295273, 120.76494136870436, 115.92742695117263)"
077A10.JPG,47.27,10,,128.88393599334995,97.92253988045758,81.40227803507105,22.370931124812987,202104,"(128.88393599334995, 97.92253988045758, 81.40227803507105)"
077A11.JPG,49.5,11,,99.17162527063518,85.71791179117912,76.34107086384314,27.98425995413391,205535,"(99.17162527063518, 85.71791179117912, 76.34107086384314)"
077A12.JPG,42.69,12,,114.14135728870502,91.51093583313623,71.72744650347794,13.213361585348139,207163,"(114.14135728870502, 91.51093583313623, 71.72744650347794)"
077A13.JPG,47.31,13,,92.39538189138712,86.298197870431,76.68713769434136,24.810968000846366,206145,"(92.39538189138712, 86.298197870431, 76.68713769434136)"
077A14.JPG,49.21,14,,112.26232577491159,94.80629439210675,79.60388619770771,23.580673795217244,201894,"(112.26232577491159, 94.80629439210675, 79.60388619770771)"
077A15.JPG,50.18,15,,92.81660244842219,78.37506706335658,66.8260400916939,43.50599789371561,205030,"(92.81660244842219, 78.37506706335658, 66.8260400916939)"
077A16.JPG,48.32,16,,91.20550805525868,84.37508906305663,81.79220599295412,17.13210839857957,202104,"(91.20550805525868, 84.37508906305663, 81.79220599295412)"
078A00.JPG,45.65,0,,99.0556041861189,90.62976093215065,90.0545197245565,20.718345307970075,205632,"(99.0556041861189, 90.62976093215065, 90.0545197245565)"
078A01.JPG,42.09,1,,102.30248923586933,80.32257083729735,71.26011926362558,13.552526049329026,203918,"(102.30248923586933, 80.32257083729735, 71.26011926362558)"
078A02.JPG,52.98,2,,148.8739446242359,118.87128850533381,113.55411242958168,28.764268242015188,208575,"(148.8739446242359, 118.87128850533381, 113.55411242958168)"
078A03.JPG,49.96,3,,85.96857245595109,60.487340285269084,47.85169363538296,34.805164932247884,208575,"(85.96857245595109, 60.487340285269084, 47.85169363538296)"
078A04.JPG,48.12,4,,133.84070775596328,102.95563558348019,95.8228429298079,58.54098791675666,169663,"(133.84070775596328, 102.95563558348019, 95.8228429298079)"
078A05.JPG,53.15,5,,98.22132368695097,80.79244831761312,77.98280990747246,50.30886245423995,200697,"(98.22132368695097, 80.79244831761312, 77.98280990747246)"
078A06.JPG,54.35,6,,81.55617296621021,71.87436100440821,70.16542532914993,40.76847881313741,204618,"(81.55617296621021, 71.87436100440821, 70.16542532914993)"
078A07.JPG,49.43,7,,98.05804400070338,86.48786170649264,82.81018835114592,21.232296440913636,204724,"(98.05804400070338, 86.48786170649264, 82.81018835114592)"
078A08.JPG,44.03,8,,148.81737764550266,127.0614009492686,125.80625097261127,13.499704171259799,205632,"(148.81737764550266, 127.0614009492686, 125.80625097261127)"
078A09.JPG,44.38,9,,119.95664645579176,97.85795894513844,94.5245282099983,15.79703925785136,205335,"(119.95664645579176, 97.85795894513844, 94.5245282099983)"
078A10.JPG,43.75,10,,101.7481097655064,99.63387937342273,97.43482113080572,14.841260290919077,200901,"(101.7481097655064, 99.63387937342273, 97.43482113080572)"
078A11.JPG,45.7,11,,86.73603669545699,68.17977846093788,52.00883716390963,17.432684015283986,204930,"(86.73603669545699, 68.17977846093788, 52.00883716390963)"
078A12.JPG,49.08,12,,113.2684448015521,84.27901758374202,82.10894669024883,25.332272733047535,204109,"(113.2684448015521, 84.27901758374202, 82.10894669024883)"
078A13.JPG,49.17,13,,117.00968079800498,87.86352618453866,71.67540648379052,25.88928964901684,200500,"(117.00968079800498, 87.86352618453866, 71.67540648379052)"
078A14.JPG,45.08,14,,92.17178341275525,63.758203501148124,51.978114120639,15.279084086067469,202505,"(92.17178341275525, 63.758203501148124, 51.978114120639)"
078A15.JPG,39.53,15,,116.10232101994116,82.11326735811862,69.9628815120806,14.7056328049885,201894,"(116.10232101994116, 82.11326735811862, 69.9628815120806)"
079A00.JPG,41.38,0,,124.67139376981176,107.1285807928619,104.55353578836144,10.691072491593976,204424,"(124.67139376981176, 107.1285807928619, 104.55353578836144)"
079A01.JPG,47.33,1,,108.45388796572504,99.43060922140585,91.78273338805582,33.5559397595403,199796,"(108.45388796572504, 99.43060922140585, 91.78273338805582)"
079A02.JPG,43.51,2,,87.70354054982305,64.52642346230233,59.87598867103698,15.80642774223516,200901,"(87.70354054982305, 64.52642346230233, 59.87598867103698)"
079A03.JPG,51.68,3,,111.44371667936024,89.50334864751983,74.41076087757659,24.958773106455087,203515,"(111.44371667936024, 89.50334864751983, 74.41076087757659)"
079A04.JPG,50.3,4,,90.97577432206657,75.8373503504592,68.59554338477356,22.139482910391624,202306,"(90.97577432206657, 75.8373503504592, 68.59554338477356)"
079A05.JPG,57.79,5,,99.32191338715604,90.71985382468894,83.8072958560491,86.6450701957637,201402,"(99.32191338715604, 90.71985382468894, 83.8072958560491)"
079A06.JPG,45.13,6,,110.88412410547986,86.46501323399666,75.44391236153318,20.9047256473884,204020,"(110.88412410547986, 86.46501323399666, 75.44391236153318)"
079A07.JPG,48.59,7,,117.34760465527054,95.40660020018449,83.15792004396208,23.123959797306902,203812,"(117.34760465527054, 95.40660020018449, 83.15792004396208)"
079A08.JPG,48.8,8,,136.80435271788048,103.29774879661879,83.90425292529252,17.961323550304762,204424,"(136.80435271788048, 103.29774879661879, 83.90425292529252)"
079A09.JPG,55.74,9,,98.22720000000001,85.56137000000001,75.082335,44.74465400019723,200000,"(98.22720000000001, 85.56137000000001, 75.082335)"
079A10.JPG,51.86,10,,110.75450621985276,96.33312828324253,82.65810826644795,37.265626118610385,204828,"(110.75450621985276, 96.33312828324253, 82.65810826644795)"
079A11.JPG,49.71,11,,96.46475758912857,82.23842977050415,80.93237581989361,38.60807863234642,201703,"(96.46475758912857, 82.23842977050415, 80.93237581989361)"
079A12.JPG,51.68,12,,122.76125748502994,105.11775449101796,89.24009980039921,42.47215515259125,200400,"(122.76125748502994, 105.11775449101796, 89.24009980039921)"
079A13.JPG,47.63,13,,119.96905155776123,100.51556776556777,93.54674760723148,17.161271672656664,203112,"(119.96905155776123, 100.51556776556777, 93.54674760723148)"
080A00.JPG,42.64,0,,115.24679978458097,100.25673702307469,96.0532696052032,15.944853097583028,193112,"(115.24679978458097, 100.25673702307469, 96.0532696052032)"
080A01.JPG,40.35,1,,108.96201990049751,81.28875124378109,67.72900497512438,11.528789211609174,201000,"(108.96201990049751, 81.28875124378109, 67.72900497512438)"
080A02.JPG,40.84,2,,105.56519509192864,75.58024950665286,63.85042300853832,10.119031773492274,204724,"(105.56519509192864, 75.58024950665286, 63.85042300853832)"
080A03.JPG,45.72,3,,86.48622470942746,73.7444575979337,60.98100516573396,23.418879165765343,204424,"(86.48622470942746, 73.7444575979337, 60.98100516573396)"
080A04.JPG,46.35,4,,70.88067174760724,56.45393674425932,46.74225550435228,22.314741738118364,203112,"(70.88067174760724, 56.45393674425932, 46.74225550435228)"
080A05.JPG,47.93,5,,92.16168965517241,75.05737931034483,68.98587684729064,32.994622968960385,203000,"(92.16168965517241, 75.05737931034483, 68.98587684729064)"
080A06.JPG,46.68,6,,128.3133585062734,116.04886919981764,110.42749895938634,16.958672843330874,201804,"(128.3133585062734, 116.04886919981764, 110.42749895938634)"
080A07.JPG,46.1,7,,86.27307593839852,70.93625684351491,62.175710937807715,15.537385292409699,203112,"(86.27307593839852, 70.93625684351491, 62.175710937807715)"
080A08.JPG,46.48,8,,100.79812007874015,86.42249015748031,74.24260334645669,15.684064493408934,203200,"(100.79812007874015, 86.42249015748031, 74.24260334645669)"
080A09.JPG,56.34,9,,110.43510171912715,95.5740505393823,93.06187379932024,40.22427920090851,203010,"(110.43510171912715, 95.5740505393823, 93.06187379932024)"
080A10.JPG,46.89,10,,96.78062826964525,75.5835959004684,60.96168261979781,31.41072228033247,200901,"(96.78062826964525, 75.5835959004684, 60.96168261979781)"
080A12.JPG,56.26,12,,114.8188134162856,93.54681765548642,85.13347594842305,50.79830898057511,203812,"(114.8188134162856, 93.54681765548642, 85.13347594842305)"
080A13.JPG,51.04,13,,114.56838914763065,91.7961952637934,86.11460535718686,32.0016901160283,202905,"(114.56838914763065, 91.7961952637934, 86.11460535718686)"
080A14.JPG,39.03,14,,97.08072211155378,97.08072211155378,97.08072211155378,15.448904416571763,200800,"(97.08072211155378, 97.08072211155378, 97.08072211155378)"
081A00.JPG,48.72,0,,124.02309319544013,114.69664962588632,99.48786578916442,26.809357011465668,204216,"(124.02309319544013, 114.69664962588632, 99.48786578916442)"
081A01.JPG,50.21,1,,117.40162992269707,101.14364927062933,89.321002027537,28.044251506940213,202709,"(117.40162992269707, 101.14364927062933, 89.321002027537)"
081A02.JPG,52.19,2,,133.90177500000001,96.200325,80.109795,35.201817188641655,200000,"(133.90177500000001, 96.200325, 80.109795)"
081A03.JPG,46.98,3,,136.57092261904762,123.65577380952381,120.91433531746031,24.47456769684838,201600,"(136.57092261904762, 123.65577380952381, 120.91433531746031)"
081A04.JPG,51.68,4,,99.44052061122957,81.92367033878229,77.18226822238017,28.92520479296016,202608,"(99.44052061122957, 81.92367033878229, 77.18226822238017)"
081A05.JPG,53.28,5,,104.47775507383717,81.94457277106531,70.04136559267157,39.989038728020454,202608,"(104.47775507383717, 81.94457277106531, 70.04136559267157)"
081A06.JPG,47.1,6,,101.06145377919572,87.49485505533893,77.01995943124976,15.683995137374799,203112,"(101.06145377919572, 87.49485505533893, 77.01995943124976)"
081A07.JPG,52.01,7,,103.81627071959076,86.4585411440657,74.29970488416703,39.93796885774094,203310,"(103.81627071959076, 86.4585411440657, 74.29970488416703)"
081A08.JPG,52.67,8,,103.06529268012333,81.83964937356008,67.65635010669719,48.96207964545632,200099,"(103.06529268012333, 81.83964937356008, 67.65635010669719)"
081A10.JPG,53.15,10,,126.55640399002493,99.17561097256858,86.80581047381546,31.513958080854945,200500,"(126.55640399002493, 99.17561097256858, 86.80581047381546)"
081A11.JPG,52.37,11,,134.09059529394338,110.80775783313993,108.27797832152294,30.832801455577833,202505,"(134.09059529394338, 110.80775783313993, 108.27797832152294)"
081A12.JPG,39.85,12,,154.9511567124299,120.91969083083141,111.1490026330875,12.729073282425995,205842,"(154.9511567124299, 120.91969083083141, 111.1490026330875)"
082A00.JPG,36.27,0,,123.97774257425743,123.97774257425743,123.97774257425743,12.013878321635135,202000,"(123.97774257425743, 123.97774257425743, 123.97774257425743)"
082A03.JPG,41.64,3,,100.39682970790845,100.39682970790845,100.39682970790845,18.382952913879596,202505,"(100.39682970790845, 100.39682970790845, 100.39682970790845)"
082A16.JPG,46.18,16,,118.07817486273811,118.07817486273811,118.07817486273811,30.75326262047846,201804,"(118.07817486273811, 118.07817486273811, 118.07817486273811)"
082A18.JPG,17.05,18,,118.428875,118.428875,118.428875,30.787205879099997,200000,"(118.428875, 118.428875, 118.428875)"
082A20.JPG,47.53,20,,121.28343842364532,121.28343842364532,121.28343842364532,26.10542216030479,203000,"(121.28343842364532, 121.28343842364532, 121.28343842364532)"
082A21.JPG,41.5,21,,90.9920022878782,71.45521379827225,84.17272001104493,11.403491153747625,202808,"(90.9920022878782, 71.45521379827225, 84.17272001104493)"
082A22.JPG,56.59,22,,96.70101587869038,60.863670668613025,46.56667759009345,45.32027118017664,201402,"(96.70101587869038, 60.863670668613025, 46.56667759009345)"
082A23.JPG,46.66,23,,112.37439539996618,87.28552583895049,74.20932569882342,14.907828368216359,206955,"(112.37439539996618, 87.28552583895049, 74.20932569882342)"
082A25.JPG,43.21,25,,92.65314757019627,59.82625273144484,46.35580211148775,12.523491735556991,200901,"(92.65314757019627, 59.82625273144484, 46.35580211148775)"
082A27.JPG,50.51,27,,83.82745544554456,59.0759900990099,69.27841584158416,35.089222527723315,202000,"(83.82745544554456, 59.0759900990099, 69.27841584158416)"
082A31.JPG,84.92,31,,96.23244522519886,78.63589030400625,68.14719660371834,325.2409581090682,204930,"(96.23244522519886, 78.63589030400625, 68.14719660371834)"
